
E:\biancheng\vscode\Z100\FPGA\fpga_competition_2026\build\firmware\0000A501\firmware.elf:     file format elf32-littleriscv


Disassembly of section .text:

00000000 <_start>:
       0:	00003197          	auipc	gp,0x3
       4:	b8c18193          	addi	gp,gp,-1140 # 2b8c <__global_pointer$>
       8:	00010117          	auipc	sp,0x10
       c:	ff810113          	addi	sp,sp,-8 # 10000 <__stack_top>
      10:	00002297          	auipc	t0,0x2
      14:	37c28293          	addi	t0,t0,892 # 238c <scratch.0>
      18:	00009317          	auipc	t1,0x9
      1c:	83830313          	addi	t1,t1,-1992 # 8850 <__bss_end>
      20:	0062f863          	bgeu	t0,t1,30 <_start+0x30>
      24:	0002a023          	sw	zero,0(t0)
      28:	00428293          	addi	t0,t0,4
      2c:	ff5ff06f          	jal	zero,20 <_start+0x20>
      30:	0f9010ef          	jal	ra,1928 <main>
      34:	0000006f          	jal	zero,34 <_start+0x34>

00000038 <drain_until_idle>:
      38:	10000737          	lui	a4,0x10000
      3c:	10000837          	lui	a6,0x10000
      40:	00c80813          	addi	a6,a6,12 # 1000000c <__stack_top+0xfff000c>
      44:	00100313          	addi	t1,zero,1
      48:	100008b7          	lui	a7,0x10000
      4c:	004c55b7          	lui	a1,0x4c5
      50:	01070713          	addi	a4,a4,16 # 10000010 <__stack_top+0xfff0010>
      54:	00072683          	lw	a3,0(a4)
      58:	00488893          	addi	a7,a7,4 # 10000004 <__stack_top+0xfff0004>
      5c:	00682023          	sw	t1,0(a6)
      60:	b3f58593          	addi	a1,a1,-1217 # 4c4b3f <__stack_top+0x4b4b3f>
      64:	10000537          	lui	a0,0x10000
      68:	00052783          	lw	a5,0(a0) # 10000000 <__stack_top+0xfff0000>
      6c:	0017f613          	andi	a2,a5,1
      70:	00060663          	beq	a2,zero,7c <drain_until_idle+0x44>
      74:	0008a683          	lw	a3,0(a7)
      78:	00072683          	lw	a3,0(a4)
      7c:	00c7f793          	andi	a5,a5,12
      80:	00078663          	beq	a5,zero,8c <drain_until_idle+0x54>
      84:	00682023          	sw	t1,0(a6)
      88:	00072683          	lw	a3,0(a4)
      8c:	00072783          	lw	a5,0(a4)
      90:	40d787b3          	sub	a5,a5,a3
      94:	fcf5fae3          	bgeu	a1,a5,68 <drain_until_idle+0x30>
      98:	00008067          	jalr	zero,0(ra)

0000009c <hardware_dot>:
      9c:	08000e37          	lui	t3,0x8000
      a0:	200007b7          	lui	a5,0x20000
      a4:	00200713          	addi	a4,zero,2
      a8:	400e0e13          	addi	t3,t3,1024 # 8000400 <__stack_top+0x7ff0400>
      ac:	00e7a023          	sw	a4,0(a5) # 20000000 <__stack_top+0x1fff0000>
      b0:	01c50e33          	add	t3,a0,t3
      b4:	00007837          	lui	a6,0x7
      b8:	00007737          	lui	a4,0x7
      bc:	002e1e13          	slli	t3,t3,0x2
      c0:	04c80813          	addi	a6,a6,76 # 704c <a>
      c4:	84c70713          	addi	a4,a4,-1972 # 684c <b>
      c8:	200017b7          	lui	a5,0x20001
      cc:	00001eb7          	lui	t4,0x1
      d0:	00085303          	lhu	t1,0(a6)
      d4:	01d788b3          	add	a7,a5,t4
      d8:	00478793          	addi	a5,a5,4 # 20001004 <__stack_top+0x1fff1004>
      dc:	fe67ae23          	sw	t1,-4(a5)
      e0:	00075303          	lhu	t1,0(a4)
      e4:	00280813          	addi	a6,a6,2
      e8:	00270713          	addi	a4,a4,2
      ec:	0068a023          	sw	t1,0(a7)
      f0:	ffc790e3          	bne	a5,t3,d0 <hardware_dot+0x34>
      f4:	200007b7          	lui	a5,0x20000
      f8:	00a7a423          	sw	a0,8(a5) # 20000008 <__stack_top+0x1fff0008>
      fc:	00100713          	addi	a4,zero,1
     100:	200007b7          	lui	a5,0x20000
     104:	00e7a023          	sw	a4,0(a5) # 20000000 <__stack_top+0x1fff0000>
     108:	10000737          	lui	a4,0x10000
     10c:	0007a837          	lui	a6,0x7a
     110:	01070713          	addi	a4,a4,16 # 10000010 <__stack_top+0xfff0010>
     114:	00478513          	addi	a0,a5,4
     118:	11f80813          	addi	a6,a6,287 # 7a11f <__stack_top+0x6a11f>
     11c:	00200313          	addi	t1,zero,2
     120:	00072883          	lw	a7,0(a4)
     124:	01c0006f          	jal	zero,140 <hardware_dot+0xa4>
     128:	00072783          	lw	a5,0(a4)
     12c:	411787b3          	sub	a5,a5,a7
     130:	02f86063          	bltu	a6,a5,150 <hardware_dot+0xb4>
     134:	0006a783          	lw	a5,0(a3)
     138:	0037f793          	andi	a5,a5,3
     13c:	00678e63          	beq	a5,t1,158 <hardware_dot+0xbc>
     140:	00052783          	lw	a5,0(a0)
     144:	00f6a023          	sw	a5,0(a3)
     148:	0047f793          	andi	a5,a5,4
     14c:	fc078ee3          	beq	a5,zero,128 <hardware_dot+0x8c>
     150:	00000513          	addi	a0,zero,0
     154:	00008067          	jalr	zero,0(ra)
     158:	20000737          	lui	a4,0x20000
     15c:	01072683          	lw	a3,16(a4) # 20000010 <__stack_top+0x1fff0010>
     160:	01472703          	lw	a4,20(a4)
     164:	200007b7          	lui	a5,0x20000
     168:	00d5a023          	sw	a3,0(a1)
     16c:	00e5a223          	sw	a4,4(a1)
     170:	01878793          	addi	a5,a5,24 # 20000018 <__stack_top+0x1fff0018>
     174:	0007a783          	lw	a5,0(a5)
     178:	00100513          	addi	a0,zero,1
     17c:	00f62023          	sw	a5,0(a2)
     180:	00008067          	jalr	zero,0(ra)

00000184 <software_dot.constprop.0>:
     184:	00007737          	lui	a4,0x7
     188:	00151813          	slli	a6,a0,0x1
     18c:	04c70713          	addi	a4,a4,76 # 704c <a>
     190:	000076b7          	lui	a3,0x7
     194:	00e80833          	add	a6,a6,a4
     198:	84c68693          	addi	a3,a3,-1972 # 684c <b>
     19c:	00000513          	addi	a0,zero,0
     1a0:	00000593          	addi	a1,zero,0
     1a4:	00069603          	lh	a2,0(a3)
     1a8:	00071783          	lh	a5,0(a4)
     1ac:	00270713          	addi	a4,a4,2
     1b0:	00268693          	addi	a3,a3,2
     1b4:	02c787b3          	mul	a5,a5,a2
     1b8:	41f7d613          	srai	a2,a5,0x1f
     1bc:	00f507b3          	add	a5,a0,a5
     1c0:	00a7b533          	sltu	a0,a5,a0
     1c4:	00c585b3          	add	a1,a1,a2
     1c8:	00b505b3          	add	a1,a0,a1
     1cc:	00078513          	addi	a0,a5,0
     1d0:	fce81ae3          	bne	a6,a4,1a4 <software_dot.constprop.0+0x20>
     1d4:	00008067          	jalr	zero,0(ra)

000001d8 <stats_crc>:
     1d8:	00261e13          	slli	t3,a2,0x2
     1dc:	00002637          	lui	a2,0x2
     1e0:	ff010113          	addi	sp,sp,-16
     1e4:	01c50e33          	add	t3,a0,t3
     1e8:	33860613          	addi	a2,a2,824 # 2338 <crc_table>
     1ec:	fff00713          	addi	a4,zero,-1
     1f0:	02000313          	addi	t1,zero,32
     1f4:	00052683          	lw	a3,0(a0)
     1f8:	0005a783          	lw	a5,0(a1)
     1fc:	00810893          	addi	a7,sp,8
     200:	00d12423          	sw	a3,8(sp)
     204:	00f12623          	sw	a5,12(sp)
     208:	0008a803          	lw	a6,0(a7)
     20c:	00000693          	addi	a3,zero,0
     210:	00d857b3          	srl	a5,a6,a3
     214:	0ff7f793          	andi	a5,a5,255
     218:	00e7c7b3          	xor	a5,a5,a4
     21c:	00f7f713          	andi	a4,a5,15
     220:	00271713          	slli	a4,a4,0x2
     224:	00e60733          	add	a4,a2,a4
     228:	00072703          	lw	a4,0(a4)
     22c:	0047d793          	srli	a5,a5,0x4
     230:	00868693          	addi	a3,a3,8
     234:	00e7c7b3          	xor	a5,a5,a4
     238:	00f7f713          	andi	a4,a5,15
     23c:	00271713          	slli	a4,a4,0x2
     240:	00e60733          	add	a4,a2,a4
     244:	00072703          	lw	a4,0(a4)
     248:	0047d793          	srli	a5,a5,0x4
     24c:	00e7c733          	xor	a4,a5,a4
     250:	fc6690e3          	bne	a3,t1,210 <stats_crc+0x38>
     254:	00488893          	addi	a7,a7,4
     258:	01010793          	addi	a5,sp,16
     25c:	fb1796e3          	bne	a5,a7,208 <stats_crc+0x30>
     260:	00450513          	addi	a0,a0,4
     264:	00458593          	addi	a1,a1,4
     268:	f8ae16e3          	bne	t3,a0,1f4 <stats_crc+0x1c>
     26c:	fff74513          	xori	a0,a4,-1
     270:	01010113          	addi	sp,sp,16
     274:	00008067          	jalr	zero,0(ra)

00000278 <response>:
     278:	ff010113          	addi	sp,sp,-16
     27c:	10000837          	lui	a6,0x10000
     280:	00100793          	addi	a5,zero,1
     284:	00a104a3          	sb	a0,9(sp)
     288:	00b11523          	sh	a1,10(sp)
     28c:	00f10423          	sb	a5,8(sp)
     290:	00d11623          	sh	a3,12(sp)
     294:	00011723          	sh	zero,14(sp)
     298:	00880813          	addi	a6,a6,8 # 10000008 <__stack_top+0xfff0008>
     29c:	05200793          	addi	a5,zero,82
     2a0:	00f82023          	sw	a5,0(a6)
     2a4:	05600793          	addi	a5,zero,86
     2a8:	00f82023          	sw	a5,0(a6)
     2ac:	04500793          	addi	a5,zero,69
     2b0:	00f82023          	sw	a5,0(a6)
     2b4:	000025b7          	lui	a1,0x2
     2b8:	04300793          	addi	a5,zero,67
     2bc:	00f82023          	sw	a5,0(a6)
     2c0:	33858593          	addi	a1,a1,824 # 2338 <crc_table>
     2c4:	00810513          	addi	a0,sp,8
     2c8:	fff00713          	addi	a4,zero,-1
     2cc:	00054783          	lbu	a5,0(a0)
     2d0:	00150513          	addi	a0,a0,1
     2d4:	00f82023          	sw	a5,0(a6)
     2d8:	fff54783          	lbu	a5,-1(a0)
     2dc:	00e7c7b3          	xor	a5,a5,a4
     2e0:	00f7f713          	andi	a4,a5,15
     2e4:	00271713          	slli	a4,a4,0x2
     2e8:	00e58733          	add	a4,a1,a4
     2ec:	00072703          	lw	a4,0(a4)
     2f0:	0047d793          	srli	a5,a5,0x4
     2f4:	00e7c7b3          	xor	a5,a5,a4
     2f8:	00f7f713          	andi	a4,a5,15
     2fc:	00271713          	slli	a4,a4,0x2
     300:	00e58733          	add	a4,a1,a4
     304:	00072703          	lw	a4,0(a4)
     308:	0047d793          	srli	a5,a5,0x4
     30c:	00e7c733          	xor	a4,a5,a4
     310:	01010793          	addi	a5,sp,16
     314:	faf51ce3          	bne	a0,a5,2cc <response+0x54>
     318:	10000537          	lui	a0,0x10000
     31c:	00d606b3          	add	a3,a2,a3
     320:	00850513          	addi	a0,a0,8 # 10000008 <__stack_top+0xfff0008>
     324:	00064783          	lbu	a5,0(a2)
     328:	00160613          	addi	a2,a2,1
     32c:	00f52023          	sw	a5,0(a0)
     330:	fff64783          	lbu	a5,-1(a2)
     334:	00e7c7b3          	xor	a5,a5,a4
     338:	00f7f713          	andi	a4,a5,15
     33c:	00271713          	slli	a4,a4,0x2
     340:	00e58733          	add	a4,a1,a4
     344:	00072703          	lw	a4,0(a4)
     348:	0047d793          	srli	a5,a5,0x4
     34c:	00e7c7b3          	xor	a5,a5,a4
     350:	00f7f713          	andi	a4,a5,15
     354:	00271713          	slli	a4,a4,0x2
     358:	00e58733          	add	a4,a1,a4
     35c:	00072703          	lw	a4,0(a4)
     360:	0047d793          	srli	a5,a5,0x4
     364:	00e7c733          	xor	a4,a5,a4
     368:	fac69ee3          	bne	a3,a2,324 <response+0xac>
     36c:	10000637          	lui	a2,0x10000
     370:	fff74713          	xori	a4,a4,-1
     374:	00860613          	addi	a2,a2,8 # 10000008 <__stack_top+0xfff0008>
     378:	00400793          	addi	a5,zero,4
     37c:	0ff77693          	andi	a3,a4,255
     380:	fff78793          	addi	a5,a5,-1
     384:	00d62023          	sw	a3,0(a2)
     388:	00875713          	srli	a4,a4,0x8
     38c:	fe0798e3          	bne	a5,zero,37c <response+0x104>
     390:	01010113          	addi	sp,sp,16
     394:	00008067          	jalr	zero,0(ra)

00000398 <error_response>:
     398:	fe010113          	addi	sp,sp,-32
     39c:	00800693          	addi	a3,zero,8
     3a0:	00b10423          	sb	a1,8(sp)
     3a4:	00c12623          	sw	a2,12(sp)
     3a8:	00050593          	addi	a1,a0,0
     3ac:	00d10633          	add	a2,sp,a3
     3b0:	0ff00513          	addi	a0,zero,255
     3b4:	00112e23          	sw	ra,28(sp)
     3b8:	000104a3          	sb	zero,9(sp)
     3bc:	00011523          	sh	zero,10(sp)
     3c0:	eb9ff0ef          	jal	ra,278 <response>
     3c4:	01c12083          	lw	ra,28(sp)
     3c8:	02010113          	addi	sp,sp,32
     3cc:	00008067          	jalr	zero,0(ra)

000003d0 <software_scan>:
     3d0:	00007337          	lui	t1,0x7
     3d4:	fe010113          	addi	sp,sp,-32
     3d8:	04c30313          	addi	t1,t1,76 # 704c <a>
     3dc:	00812e23          	sw	s0,28(sp)
     3e0:	00912c23          	sw	s1,24(sp)
     3e4:	01212a23          	sw	s2,20(sp)
     3e8:	01312823          	sw	s3,16(sp)
     3ec:	01412623          	sw	s4,12(sp)
     3f0:	08030693          	addi	a3,t1,128
     3f4:	00030713          	addi	a4,t1,0
     3f8:	00000893          	addi	a7,zero,0
     3fc:	00071783          	lh	a5,0(a4)
     400:	00270713          	addi	a4,a4,2
     404:	02f787b3          	mul	a5,a5,a5
     408:	00f888b3          	add	a7,a7,a5
     40c:	fed718e3          	bne	a4,a3,3fc <software_scan+0x2c>
     410:	00005f37          	lui	t5,0x5
     414:	00003eb7          	lui	t4,0x3
     418:	fff00413          	addi	s0,zero,-1
     41c:	00002837          	lui	a6,0x2
     420:	fc158393          	addi	t2,a1,-63
     424:	798f0f13          	addi	t5,t5,1944 # 5798 <sw_scores>
     428:	798e8e93          	addi	t4,t4,1944 # 3798 <sw_energies>
     42c:	00040913          	addi	s2,s0,0
     430:	33880813          	addi	a6,a6,824 # 2338 <crc_table>
     434:	00000e13          	addi	t3,zero,0
     438:	00000293          	addi	t0,zero,0
     43c:	00000f93          	addi	t6,zero,0
     440:	000024b7          	lui	s1,0x2
     444:	2f848793          	addi	a5,s1,760 # 22f8 <target>
     448:	00030713          	addi	a4,t1,0
     44c:	00000613          	addi	a2,zero,0
     450:	00078583          	lb	a1,0(a5)
     454:	00071683          	lh	a3,0(a4)
     458:	00178793          	addi	a5,a5,1
     45c:	0005d463          	bge	a1,zero,464 <software_scan+0x94>
     460:	40d006b3          	sub	a3,zero,a3
     464:	00270713          	addi	a4,a4,2
     468:	00d60633          	add	a2,a2,a3
     46c:	fef812e3          	bne	a6,a5,450 <software_scan+0x80>
     470:	00cf2023          	sw	a2,0(t5)
     474:	011ea023          	sw	a7,0(t4)
     478:	04088263          	beq	a7,zero,4bc <software_scan+0xec>
     47c:	07240863          	beq	s0,s2,4ec <software_scan+0x11c>
     480:	02c605b3          	mul	a1,a2,a2
     484:	03ff86b3          	mul	a3,t6,t6
     488:	02c61733          	mulh	a4,a2,a2
     48c:	03ff97b3          	mulh	a5,t6,t6
     490:	0255ba33          	mulhu	s4,a1,t0
     494:	0316b9b3          	mulhu	s3,a3,a7
     498:	02570733          	mul	a4,a4,t0
     49c:	031787b3          	mul	a5,a5,a7
     4a0:	01470733          	add	a4,a4,s4
     4a4:	013787b3          	add	a5,a5,s3
     4a8:	025585b3          	mul	a1,a1,t0
     4ac:	031686b3          	mul	a3,a3,a7
     4b0:	02e7ee63          	bltu	a5,a4,4ec <software_scan+0x11c>
     4b4:	00f71463          	bne	a4,a5,4bc <software_scan+0xec>
     4b8:	02b6ea63          	bltu	a3,a1,4ec <software_scan+0x11c>
     4bc:	001e0e13          	addi	t3,t3,1
     4c0:	047e0063          	beq	t3,t2,500 <software_scan+0x130>
     4c4:	08031783          	lh	a5,128(t1)
     4c8:	00031703          	lh	a4,0(t1)
     4cc:	00230313          	addi	t1,t1,2
     4d0:	004f0f13          	addi	t5,t5,4
     4d4:	02f787b3          	mul	a5,a5,a5
     4d8:	004e8e93          	addi	t4,t4,4
     4dc:	02e70733          	mul	a4,a4,a4
     4e0:	011787b3          	add	a5,a5,a7
     4e4:	40e788b3          	sub	a7,a5,a4
     4e8:	f5dff06f          	jal	zero,444 <software_scan+0x74>
     4ec:	000e0413          	addi	s0,t3,0
     4f0:	001e0e13          	addi	t3,t3,1
     4f4:	00060f93          	addi	t6,a2,0
     4f8:	00088293          	addi	t0,a7,0
     4fc:	fc7e14e3          	bne	t3,t2,4c4 <software_scan+0xf4>
     500:	fff00793          	addi	a5,zero,-1
     504:	02f40a63          	beq	s0,a5,538 <software_scan+0x168>
     508:	03ff86b3          	mul	a3,t6,t6
     50c:	06400613          	addi	a2,zero,100
     510:	000017b7          	lui	a5,0x1
     514:	c4078793          	addi	a5,a5,-960 # c40 <detection_command+0x6b8>
     518:	03ff9733          	mulh	a4,t6,t6
     51c:	02c6b833          	mulhu	a6,a3,a2
     520:	02c70733          	mul	a4,a4,a2
     524:	02f2b5b3          	mulhu	a1,t0,a5
     528:	01070733          	add	a4,a4,a6
     52c:	02c686b3          	mul	a3,a3,a2
     530:	02f287b3          	mul	a5,t0,a5
     534:	02b77e63          	bgeu	a4,a1,570 <software_scan+0x1a0>
     538:	00000713          	addi	a4,zero,0
     53c:	fff00793          	addi	a5,zero,-1
     540:	00852423          	sw	s0,8(a0)
     544:	01c12403          	lw	s0,28(sp)
     548:	00e52023          	sw	a4,0(a0)
     54c:	00f52223          	sw	a5,4(a0)
     550:	01f52623          	sw	t6,12(a0)
     554:	00552823          	sw	t0,16(a0)
     558:	01812483          	lw	s1,24(sp)
     55c:	01412903          	lw	s2,20(sp)
     560:	01012983          	lw	s3,16(sp)
     564:	00c12a03          	lw	s4,12(sp)
     568:	02010113          	addi	sp,sp,32
     56c:	00008067          	jalr	zero,0(ra)
     570:	00e58863          	beq	a1,a4,580 <software_scan+0x1b0>
     574:	00040793          	addi	a5,s0,0
     578:	00100713          	addi	a4,zero,1
     57c:	fc5ff06f          	jal	zero,540 <software_scan+0x170>
     580:	fef6fae3          	bgeu	a3,a5,574 <software_scan+0x1a4>
     584:	fb5ff06f          	jal	zero,538 <software_scan+0x168>

00000588 <detection_command>:
     588:	d5010113          	addi	sp,sp,-688
     58c:	2a112623          	sw	ra,684(sp)
     590:	00400793          	addi	a5,zero,4
     594:	00050713          	addi	a4,a0,0
     598:	00058893          	addi	a7,a1,0
     59c:	26f50463          	beq	a0,a5,804 <detection_command+0x27c>
     5a0:	00300793          	addi	a5,zero,3
     5a4:	38c7fe63          	bgeu	a5,a2,940 <detection_command+0x3b8>
     5a8:	000086b7          	lui	a3,0x8
     5ac:	84c6d783          	lhu	a5,-1972(a3) # 784c <payload>
     5b0:	3c000513          	addi	a0,zero,960
     5b4:	fc078813          	addi	a6,a5,-64
     5b8:	27056663          	bltu	a0,a6,824 <detection_command+0x29c>
     5bc:	00278513          	addi	a0,a5,2
     5c0:	00151513          	slli	a0,a0,0x1
     5c4:	26a61063          	bne	a2,a0,824 <detection_command+0x29c>
     5c8:	84c68693          	addi	a3,a3,-1972
     5cc:	0026d603          	lhu	a2,2(a3)
     5d0:	24061a63          	bne	a2,zero,824 <detection_command+0x29c>
     5d4:	00007637          	lui	a2,0x7
     5d8:	84862603          	lw	a2,-1976(a2) # 6848 <selftest_mask>
     5dc:	00f00513          	addi	a0,zero,15
     5e0:	3aa61e63          	bne	a2,a0,99c <detection_command+0x414>
     5e4:	00007337          	lui	t1,0x7
     5e8:	2a912223          	sw	s1,676(sp)
     5ec:	04c30493          	addi	s1,t1,76 # 704c <a>
     5f0:	00468693          	addi	a3,a3,4
     5f4:	00048513          	addi	a0,s1,0
     5f8:	00000813          	addi	a6,zero,0
     5fc:	00001eb7          	lui	t4,0x1
     600:	0080006f          	jal	zero,608 <detection_command+0x80>
     604:	00060813          	addi	a6,a2,0
     608:	00069303          	lh	t1,0(a3)
     60c:	00180613          	addi	a2,a6,1
     610:	00268693          	addi	a3,a3,2
     614:	7ff30593          	addi	a1,t1,2047
     618:	00158593          	addi	a1,a1,1
     61c:	3bd5f063          	bgeu	a1,t4,9bc <detection_command+0x434>
     620:	00651023          	sh	t1,0(a0)
     624:	00250513          	addi	a0,a0,2
     628:	fcc79ee3          	bne	a5,a2,604 <detection_command+0x7c>
     62c:	2a812423          	sw	s0,680(sp)
     630:	2b212023          	sw	s2,672(sp)
     634:	29312e23          	sw	s3,668(sp)
     638:	29412c23          	sw	s4,664(sp)
     63c:	29512a23          	sw	s5,660(sp)
     640:	29612823          	sw	s6,656(sp)
     644:	29712623          	sw	s7,652(sp)
     648:	29812423          	sw	s8,648(sp)
     64c:	29912223          	sw	s9,644(sp)
     650:	29a12023          	sw	s10,640(sp)
     654:	27b12e23          	sw	s11,636(sp)
     658:	c001a223          	sw	zero,-1020(gp) # 2790 <trace_windows>
     65c:	10000f37          	lui	t5,0x10000
     660:	010f2683          	lw	a3,16(t5) # 10000010 <__stack_top+0xfff0010>
     664:	ff970e13          	addi	t3,a4,-7
     668:	0fde7e13          	andi	t3,t3,253
     66c:	010f0f13          	addi	t5,t5,16
     670:	00068c93          	addi	s9,a3,0
     674:	360e1a63          	bne	t3,zero,9e8 <detection_command+0x460>
     678:	000f2683          	lw	a3,0(t5)
     67c:	fff00593          	addi	a1,zero,-1
     680:	00058b93          	addi	s7,a1,0
     684:	00068c13          	addi	s8,a3,0
     688:	00058b13          	addi	s6,a1,0
     68c:	00058a93          	addi	s5,a1,0
     690:	00058a13          	addi	s4,a1,0
     694:	00058c93          	addi	s9,a1,0
     698:	00873f93          	sltiu	t6,a4,8
     69c:	001fbf93          	sltiu	t6,t6,1
     6a0:	20004f37          	lui	t5,0x20004
     6a4:	00200393          	addi	t2,zero,2
     6a8:	10000537          	lui	a0,0x10000
     6ac:	01052683          	lw	a3,16(a0) # 10000010 <__stack_top+0xfff0010>
     6b0:	007f2023          	sw	t2,0(t5) # 20004000 <__stack_top+0x1fff4000>
     6b4:	05ff2823          	sw	t6,80(t5)
     6b8:	014f2383          	lw	t2,20(t5)
     6bc:	00068413          	addi	s0,a3,0
     6c0:	02039463          	bne	t2,zero,6e8 <detection_command+0x160>
     6c4:	00002537          	lui	a0,0x2
     6c8:	2f850513          	addi	a0,a0,760 # 22f8 <target>
     6cc:	04050693          	addi	a3,a0,64
     6d0:	20006f37          	lui	t5,0x20006
     6d4:	00050303          	lb	t1,0(a0)
     6d8:	00150513          	addi	a0,a0,1
     6dc:	004f0f13          	addi	t5,t5,4 # 20006004 <__stack_top+0x1fff6004>
     6e0:	fe6f2e23          	sw	t1,-4(t5)
     6e4:	fed518e3          	bne	a0,a3,6d4 <detection_command+0x14c>
     6e8:	10000537          	lui	a0,0x10000
     6ec:	01052683          	lw	a3,16(a0) # 10000010 <__stack_top+0xfff0010>
     6f0:	01050513          	addi	a0,a0,16
     6f4:	00068913          	addi	s2,a3,0
     6f8:	08001fb7          	lui	t6,0x8001
     6fc:	00052683          	lw	a3,0(a0)
     700:	401f8f93          	addi	t6,t6,1025 # 8001401 <__stack_top+0x7ff1401>
     704:	01f80fb3          	add	t6,a6,t6
     708:	00068993          	addi	s3,a3,0
     70c:	002f9f93          	slli	t6,t6,0x2
     710:	20005537          	lui	a0,0x20005
     714:	00048693          	addi	a3,s1,0
     718:	0006d303          	lhu	t1,0(a3)
     71c:	00450513          	addi	a0,a0,4 # 20005004 <__stack_top+0x1fff5004>
     720:	00268693          	addi	a3,a3,2
     724:	fe652e23          	sw	t1,-4(a0)
     728:	feaf98e3          	bne	t6,a0,718 <detection_command+0x190>
     72c:	10000f37          	lui	t5,0x10000
     730:	20004537          	lui	a0,0x20004
     734:	010f2303          	lw	t1,16(t5) # 10000010 <__stack_top+0xfff0010>
     738:	00c52423          	sw	a2,8(a0) # 20004008 <__stack_top+0x1fff4008>
     73c:	20004637          	lui	a2,0x20004
     740:	00100513          	addi	a0,zero,1
     744:	010f0f13          	addi	t5,t5,16
     748:	00a62023          	sw	a0,0(a2) # 20004000 <__stack_top+0x1fff4000>
     74c:	000f2283          	lw	t0,0(t5)
     750:	00460f93          	addi	t6,a2,4
     754:	0007aeb7          	lui	t4,0x7a
     758:	00088613          	addi	a2,a7,0
     75c:	00078493          	addi	s1,a5,0
     760:	00070893          	addi	a7,a4,0
     764:	120e8e93          	addi	t4,t4,288 # 7a120 <__stack_top+0x6a120>
     768:	00200693          	addi	a3,zero,2
     76c:	00028793          	addi	a5,t0,0
     770:	00060713          	addi	a4,a2,0
     774:	0180006f          	jal	zero,78c <detection_command+0x204>
     778:	000f2503          	lw	a0,0(t5)
     77c:	00367613          	andi	a2,a2,3
     780:	40f50533          	sub	a0,a0,a5
     784:	52aee463          	bltu	t4,a0,cac <detection_command+0x724>
     788:	30d60ee3          	beq	a2,a3,12a4 <detection_command+0xd1c>
     78c:	000fa603          	lw	a2,0(t6)
     790:	00467293          	andi	t0,a2,4
     794:	fe0282e3          	beq	t0,zero,778 <detection_command+0x1f0>
     798:	00070893          	addi	a7,a4,0
     79c:	100007b7          	lui	a5,0x10000
     7a0:	01078793          	addi	a5,a5,16 # 10000010 <__stack_top+0xfff0010>
     7a4:	0007a783          	lw	a5,0(a5)
     7a8:	200047b7          	lui	a5,0x20004
     7ac:	00478793          	addi	a5,a5,4 # 20004004 <__stack_top+0x1fff4004>
     7b0:	0007a783          	lw	a5,0(a5)
     7b4:	00800693          	addi	a3,zero,8
     7b8:	06f12623          	sw	a5,108(sp)
     7bc:	00088593          	addi	a1,a7,0
     7c0:	06d12423          	sw	a3,104(sp)
     7c4:	06810613          	addi	a2,sp,104
     7c8:	0ff00513          	addi	a0,zero,255
     7cc:	aadff0ef          	jal	ra,278 <response>
     7d0:	2a812403          	lw	s0,680(sp)
     7d4:	2a412483          	lw	s1,676(sp)
     7d8:	2a012903          	lw	s2,672(sp)
     7dc:	29c12983          	lw	s3,668(sp)
     7e0:	29812a03          	lw	s4,664(sp)
     7e4:	29412a83          	lw	s5,660(sp)
     7e8:	29012b03          	lw	s6,656(sp)
     7ec:	28c12b83          	lw	s7,652(sp)
     7f0:	28812c03          	lw	s8,648(sp)
     7f4:	28412c83          	lw	s9,644(sp)
     7f8:	28012d03          	lw	s10,640(sp)
     7fc:	27c12d83          	lw	s11,636(sp)
     800:	0480006f          	jal	zero,848 <detection_command+0x2c0>
     804:	16a61663          	bne	a2,a0,970 <detection_command+0x3e8>
     808:	000087b7          	lui	a5,0x8
     80c:	84c78713          	addi	a4,a5,-1972 # 784c <payload>
     810:	00275503          	lhu	a0,2(a4)
     814:	03f00713          	addi	a4,zero,63
     818:	84c7d783          	lhu	a5,-1972(a5)
     81c:	fff50693          	addi	a3,a0,-1
     820:	02d77a63          	bgeu	a4,a3,854 <detection_command+0x2cc>
     824:	06f11623          	sh	a5,108(sp)
     828:	00088593          	addi	a1,a7,0
     82c:	00200793          	addi	a5,zero,2
     830:	00800693          	addi	a3,zero,8
     834:	06810613          	addi	a2,sp,104
     838:	0ff00513          	addi	a0,zero,255
     83c:	06f12423          	sw	a5,104(sp)
     840:	06011723          	sh	zero,110(sp)
     844:	a35ff0ef          	jal	ra,278 <response>
     848:	2ac12083          	lw	ra,684(sp)
     84c:	2b010113          	addi	sp,sp,688
     850:	00008067          	jalr	zero,0(ra)
     854:	c041a703          	lw	a4,-1020(gp) # 2790 <trace_windows>
     858:	00a78e33          	add	t3,a5,a0
     85c:	00078693          	addi	a3,a5,0
     860:	fdc762e3          	bltu	a4,t3,824 <detection_command+0x29c>
     864:	000045b7          	lui	a1,0x4
     868:	000027b7          	lui	a5,0x2
     86c:	00269613          	slli	a2,a3,0x2
     870:	79878793          	addi	a5,a5,1944 # 2798 <hw_energies>
     874:	79858593          	addi	a1,a1,1944 # 4798 <hw_scores>
     878:	200042b7          	lui	t0,0x20004
     87c:	20004fb7          	lui	t6,0x20004
     880:	20004f37          	lui	t5,0x20004
     884:	00b605b3          	add	a1,a2,a1
     888:	06d11423          	sh	a3,104(sp)
     88c:	00f60633          	add	a2,a2,a5
     890:	06a10523          	sb	a0,106(sp)
     894:	060105a3          	sb	zero,107(sp)
     898:	02028293          	addi	t0,t0,32 # 20004020 <__stack_top+0x1fff4020>
     89c:	024f8f93          	addi	t6,t6,36 # 20004024 <__stack_top+0x1fff4024>
     8a0:	028f0f13          	addi	t5,t5,40 # 20004028 <__stack_top+0x1fff4028>
     8a4:	06c10793          	addi	a5,sp,108
     8a8:	05c0006f          	jal	zero,904 <detection_command+0x37c>
     8ac:	00d2a023          	sw	a3,0(t0)
     8b0:	000fa703          	lw	a4,0(t6)
     8b4:	00875813          	srli	a6,a4,0x8
     8b8:	010780a3          	sb	a6,1(a5)
     8bc:	01075813          	srli	a6,a4,0x10
     8c0:	01078123          	sb	a6,2(a5)
     8c4:	01875813          	srli	a6,a4,0x18
     8c8:	010781a3          	sb	a6,3(a5)
     8cc:	00e78023          	sb	a4,0(a5)
     8d0:	000f2703          	lw	a4,0(t5)
     8d4:	00875393          	srli	t2,a4,0x8
     8d8:	01075313          	srli	t1,a4,0x10
     8dc:	01875813          	srli	a6,a4,0x18
     8e0:	00e78223          	sb	a4,4(a5)
     8e4:	007782a3          	sb	t2,5(a5)
     8e8:	00678323          	sb	t1,6(a5)
     8ec:	010783a3          	sb	a6,7(a5)
     8f0:	00168693          	addi	a3,a3,1
     8f4:	00878793          	addi	a5,a5,8
     8f8:	00458593          	addi	a1,a1,4
     8fc:	00460613          	addi	a2,a2,4
     900:	06de0c63          	beq	t3,a3,978 <detection_command+0x3f0>
     904:	c001a703          	lw	a4,-1024(gp) # 278c <trace_direct>
     908:	fa0712e3          	bne	a4,zero,8ac <detection_command+0x324>
     90c:	0005a703          	lw	a4,0(a1)
     910:	00875813          	srli	a6,a4,0x8
     914:	010780a3          	sb	a6,1(a5)
     918:	01075813          	srli	a6,a4,0x10
     91c:	01078123          	sb	a6,2(a5)
     920:	01875813          	srli	a6,a4,0x18
     924:	010781a3          	sb	a6,3(a5)
     928:	00e78023          	sb	a4,0(a5)
     92c:	00062703          	lw	a4,0(a2)
     930:	00875393          	srli	t2,a4,0x8
     934:	01075313          	srli	t1,a4,0x10
     938:	01875813          	srli	a6,a4,0x18
     93c:	fa5ff06f          	jal	zero,8e0 <detection_command+0x358>
     940:	06c10623          	sb	a2,108(sp)
     944:	00200793          	addi	a5,zero,2
     948:	06810613          	addi	a2,sp,104
     94c:	00800693          	addi	a3,zero,8
     950:	0ff00513          	addi	a0,zero,255
     954:	06f12423          	sw	a5,104(sp)
     958:	060106a3          	sb	zero,109(sp)
     95c:	06011723          	sh	zero,110(sp)
     960:	919ff0ef          	jal	ra,278 <response>
     964:	2ac12083          	lw	ra,684(sp)
     968:	2b010113          	addi	sp,sp,688
     96c:	00008067          	jalr	zero,0(ra)
     970:	06c11623          	sh	a2,108(sp)
     974:	eb9ff06f          	jal	zero,82c <detection_command+0x2a4>
     978:	00351693          	slli	a3,a0,0x3
     97c:	00468693          	addi	a3,a3,4
     980:	01069693          	slli	a3,a3,0x10
     984:	0106d693          	srli	a3,a3,0x10
     988:	00088593          	addi	a1,a7,0
     98c:	06810613          	addi	a2,sp,104
     990:	08400513          	addi	a0,zero,132
     994:	8e5ff0ef          	jal	ra,278 <response>
     998:	eb1ff06f          	jal	zero,848 <detection_command+0x2c0>
     99c:	06c12623          	sw	a2,108(sp)
     9a0:	00700793          	addi	a5,zero,7
     9a4:	00800693          	addi	a3,zero,8
     9a8:	06810613          	addi	a2,sp,104
     9ac:	0ff00513          	addi	a0,zero,255
     9b0:	06f12423          	sw	a5,104(sp)
     9b4:	8c5ff0ef          	jal	ra,278 <response>
     9b8:	e91ff06f          	jal	zero,848 <detection_command+0x2c0>
     9bc:	00900793          	addi	a5,zero,9
     9c0:	00088593          	addi	a1,a7,0
     9c4:	00800693          	addi	a3,zero,8
     9c8:	06810613          	addi	a2,sp,104
     9cc:	0ff00513          	addi	a0,zero,255
     9d0:	07011623          	sh	a6,108(sp)
     9d4:	06f12423          	sw	a5,104(sp)
     9d8:	06011723          	sh	zero,110(sp)
     9dc:	89dff0ef          	jal	ra,278 <response>
     9e0:	2a412483          	lw	s1,676(sp)
     9e4:	e65ff06f          	jal	zero,848 <detection_command+0x2c0>
     9e8:	00078593          	addi	a1,a5,0
     9ec:	04010513          	addi	a0,sp,64
     9f0:	03112023          	sw	a7,32(sp)
     9f4:	00e12e23          	sw	a4,28(sp)
     9f8:	01c12c23          	sw	t3,24(sp)
     9fc:	01012a23          	sw	a6,20(sp)
     a00:	00c12823          	sw	a2,16(sp)
     a04:	00f12623          	sw	a5,12(sp)
     a08:	9c9ff0ef          	jal	ra,3d0 <software_scan>
     a0c:	01c12703          	lw	a4,28(sp)
     a10:	10000f37          	lui	t5,0x10000
     a14:	00700513          	addi	a0,zero,7
     a18:	04012a03          	lw	s4,64(sp)
     a1c:	04412a83          	lw	s5,68(sp)
     a20:	04812b03          	lw	s6,72(sp)
     a24:	04c12b83          	lw	s7,76(sp)
     a28:	05012583          	lw	a1,80(sp)
     a2c:	00c12783          	lw	a5,12(sp)
     a30:	01012603          	lw	a2,16(sp)
     a34:	01412803          	lw	a6,20(sp)
     a38:	01812e03          	lw	t3,24(sp)
     a3c:	02012883          	lw	a7,32(sp)
     a40:	010f0f13          	addi	t5,t5,16 # 10000010 <__stack_top+0xfff0010>
     a44:	2ae560e3          	bltu	a0,a4,14e4 <detection_command+0xf5c>
     a48:	000f2503          	lw	a0,0(t5)
     a4c:	41950cb3          	sub	s9,a0,s9
     a50:	000f2683          	lw	a3,0(t5)
     a54:	00500513          	addi	a0,zero,5
     a58:	00068c13          	addi	s8,a3,0
     a5c:	0ea70c63          	beq	a4,a0,b54 <detection_command+0x5cc>
     a60:	00600513          	addi	a0,zero,6
     a64:	c2a70ae3          	beq	a4,a0,698 <detection_command+0x110>
     a68:	20004537          	lui	a0,0x20004
     a6c:	00200e13          	addi	t3,zero,2
     a70:	000f2f03          	lw	t5,0(t5)
     a74:	01c52023          	sw	t3,0(a0) # 20004000 <__stack_top+0x1fff4000>
     a78:	04052823          	sw	zero,80(a0)
     a7c:	01452383          	lw	t2,20(a0)
     a80:	02039463          	bne	t2,zero,aa8 <detection_command+0x520>
     a84:	00002537          	lui	a0,0x2
     a88:	2f850513          	addi	a0,a0,760 # 22f8 <target>
     a8c:	04050f93          	addi	t6,a0,64
     a90:	20006e37          	lui	t3,0x20006
     a94:	00050683          	lb	a3,0(a0)
     a98:	00150513          	addi	a0,a0,1
     a9c:	004e0e13          	addi	t3,t3,4 # 20006004 <__stack_top+0x1fff6004>
     aa0:	fede2e23          	sw	a3,-4(t3)
     aa4:	feaf98e3          	bne	t6,a0,a94 <detection_command+0x50c>
     aa8:	10000537          	lui	a0,0x10000
     aac:	01052683          	lw	a3,16(a0) # 10000010 <__stack_top+0xfff0010>
     ab0:	01050513          	addi	a0,a0,16
     ab4:	00068413          	addi	s0,a3,0
     ab8:	00052683          	lw	a3,0(a0)
     abc:	20005e37          	lui	t3,0x20005
     ac0:	00000513          	addi	a0,zero,0
     ac4:	00068913          	addi	s2,a3,0
     ac8:	00048693          	addi	a3,s1,0
     acc:	0006d303          	lhu	t1,0(a3)
     ad0:	00150513          	addi	a0,a0,1
     ad4:	00268693          	addi	a3,a3,2
     ad8:	006e2023          	sw	t1,0(t3) # 20005000 <__stack_top+0x1fff5000>
     adc:	004e0e13          	addi	t3,t3,4
     ae0:	fec566e3          	bltu	a0,a2,acc <detection_command+0x544>
     ae4:	10000337          	lui	t1,0x10000
     ae8:	20004e37          	lui	t3,0x20004
     aec:	01032503          	lw	a0,16(t1) # 10000010 <__stack_top+0xfff0010>
     af0:	00ce2423          	sw	a2,8(t3) # 20004008 <__stack_top+0x1fff4008>
     af4:	20004637          	lui	a2,0x20004
     af8:	00100e13          	addi	t3,zero,1
     afc:	01030313          	addi	t1,t1,16
     b00:	01c62023          	sw	t3,0(a2) # 20004000 <__stack_top+0x1fff4000>
     b04:	00032e83          	lw	t4,0(t1)
     b08:	00460e13          	addi	t3,a2,4
     b0c:	0007a6b7          	lui	a3,0x7a
     b10:	00088613          	addi	a2,a7,0
     b14:	00078493          	addi	s1,a5,0
     b18:	00070893          	addi	a7,a4,0
     b1c:	12068693          	addi	a3,a3,288 # 7a120 <__stack_top+0x6a120>
     b20:	00200293          	addi	t0,zero,2
     b24:	000e8793          	addi	a5,t4,0
     b28:	00060713          	addi	a4,a2,0
     b2c:	0180006f          	jal	zero,b44 <detection_command+0x5bc>
     b30:	00032f83          	lw	t6,0(t1)
     b34:	00367613          	andi	a2,a2,3
     b38:	40ff8fb3          	sub	t6,t6,a5
     b3c:	17f6ee63          	bltu	a3,t6,cb8 <detection_command+0x730>
     b40:	18560263          	beq	a2,t0,cc4 <detection_command+0x73c>
     b44:	000e2603          	lw	a2,0(t3)
     b48:	00467e93          	andi	t4,a2,4
     b4c:	fe0e82e3          	beq	t4,zero,b30 <detection_command+0x5a8>
     b50:	c49ff06f          	jal	zero,798 <detection_command+0x210>
     b54:	08048f13          	addi	t5,s1,128
     b58:	00048e13          	addi	t3,s1,0
     b5c:	00000513          	addi	a0,zero,0
     b60:	000e1683          	lh	a3,0(t3)
     b64:	002e0e13          	addi	t3,t3,2
     b68:	02d686b3          	mul	a3,a3,a3
     b6c:	00d50533          	add	a0,a0,a3
     b70:	ffcf18e3          	bne	t5,t3,b60 <detection_command+0x5d8>
     b74:	00004f37          	lui	t5,0x4
     b78:	798f0693          	addi	a3,t5,1944 # 4798 <hw_scores>
     b7c:	00002e37          	lui	t3,0x2
     b80:	02d12423          	sw	a3,40(sp)
     b84:	798e0693          	addi	a3,t3,1944 # 2798 <hw_energies>
     b88:	02d12623          	sw	a3,44(sp)
     b8c:	200006b7          	lui	a3,0x20000
     b90:	00868693          	addi	a3,a3,8 # 20000008 <__stack_top+0x1fff0008>
     b94:	02812d03          	lw	s10,40(sp)
     b98:	02c12d83          	lw	s11,44(sp)
     b9c:	20001e37          	lui	t3,0x20001
     ba0:	00d12a23          	sw	a3,20(sp)
     ba4:	10000eb7          	lui	t4,0x10000
     ba8:	fff00693          	addi	a3,zero,-1
     bac:	00b12c23          	sw	a1,24(sp)
     bb0:	00e12e23          	sw	a4,28(sp)
     bb4:	00088593          	addi	a1,a7,0
     bb8:	fc280613          	addi	a2,a6,-62
     bbc:	100e0e13          	addi	t3,t3,256 # 20001100 <__stack_top+0x1fff1100>
     bc0:	010e8e93          	addi	t4,t4,16 # 10000010 <__stack_top+0xfff0010>
     bc4:	02012823          	sw	zero,48(sp)
     bc8:	00000f93          	addi	t6,zero,0
     bcc:	00d12823          	sw	a3,16(sp)
     bd0:	00000393          	addi	t2,zero,0
     bd4:	00012623          	sw	zero,12(sp)
     bd8:	00200293          	addi	t0,zero,2
     bdc:	00001f37          	lui	t5,0x1
     be0:	00048713          	addi	a4,s1,0
     be4:	00078893          	addi	a7,a5,0
     be8:	200007b7          	lui	a5,0x20000
     bec:	0057a023          	sw	t0,0(a5) # 20000000 <__stack_top+0x1fff0000>
     bf0:	000027b7          	lui	a5,0x2
     bf4:	00058413          	addi	s0,a1,0
     bf8:	2f878793          	addi	a5,a5,760 # 22f8 <target>
     bfc:	00070313          	addi	t1,a4,0
     c00:	200016b7          	lui	a3,0x20001
     c04:	00070593          	addi	a1,a4,0
     c08:	00035803          	lhu	a6,0(t1)
     c0c:	01e68733          	add	a4,a3,t5
     c10:	00468693          	addi	a3,a3,4 # 20001004 <__stack_top+0x1fff1004>
     c14:	ff06ae23          	sw	a6,-4(a3)
     c18:	00078803          	lb	a6,0(a5)
     c1c:	00230313          	addi	t1,t1,2
     c20:	00178793          	addi	a5,a5,1
     c24:	01081813          	slli	a6,a6,0x10
     c28:	01085813          	srli	a6,a6,0x10
     c2c:	01072023          	sw	a6,0(a4)
     c30:	fdc69ce3          	bne	a3,t3,c08 <detection_command+0x680>
     c34:	01412783          	lw	a5,20(sp)
     c38:	04000693          	addi	a3,zero,64
     c3c:	00058713          	addi	a4,a1,0
     c40:	00d7a023          	sw	a3,0(a5)
     c44:	200007b7          	lui	a5,0x20000
     c48:	00100693          	addi	a3,zero,1
     c4c:	00040593          	addi	a1,s0,0
     c50:	00d7a023          	sw	a3,0(a5) # 20000000 <__stack_top+0x1fff0000>
     c54:	000ea783          	lw	a5,0(t4)
     c58:	0200006f          	jal	zero,c78 <detection_command+0x6f0>
     c5c:	000ea303          	lw	t1,0(t4)
     c60:	0007a437          	lui	s0,0x7a
     c64:	12040413          	addi	s0,s0,288 # 7a120 <__stack_top+0x6a120>
     c68:	40f30333          	sub	t1,t1,a5
     c6c:	0036f693          	andi	a3,a3,3
     c70:	2a646ee3          	bltu	s0,t1,172c <detection_command+0x11a4>
     c74:	2c5682e3          	beq	a3,t0,1738 <detection_command+0x11b0>
     c78:	200006b7          	lui	a3,0x20000
     c7c:	00468693          	addi	a3,a3,4 # 20000004 <__stack_top+0x1fff0004>
     c80:	0006a683          	lw	a3,0(a3)
     c84:	0046f813          	andi	a6,a3,4
     c88:	fc080ae3          	beq	a6,zero,c5c <detection_command+0x6d4>
     c8c:	00058893          	addi	a7,a1,0
     c90:	100007b7          	lui	a5,0x10000
     c94:	01078793          	addi	a5,a5,16 # 10000010 <__stack_top+0xfff0010>
     c98:	0007a783          	lw	a5,0(a5)
     c9c:	200007b7          	lui	a5,0x20000
     ca0:	00478793          	addi	a5,a5,4 # 20000004 <__stack_top+0x1fff0004>
     ca4:	0007a783          	lw	a5,0(a5)
     ca8:	b0dff06f          	jal	zero,7b4 <detection_command+0x22c>
     cac:	00070893          	addi	a7,a4,0
     cb0:	000f2783          	lw	a5,0(t5) # 1000 <detection_command+0xa78>
     cb4:	af5ff06f          	jal	zero,7a8 <detection_command+0x220>
     cb8:	00070893          	addi	a7,a4,0
     cbc:	00032783          	lw	a5,0(t1)
     cc0:	ae9ff06f          	jal	zero,7a8 <detection_command+0x220>
     cc4:	41e406b3          	sub	a3,s0,t5
     cc8:	02d12e23          	sw	a3,60(sp)
     ccc:	412506b3          	sub	a3,a0,s2
     cd0:	02d12c23          	sw	a3,56(sp)
     cd4:	0013b693          	sltiu	a3,t2,1
     cd8:	20004637          	lui	a2,0x20004
     cdc:	02d12a23          	sw	a3,52(sp)
     ce0:	01862683          	lw	a3,24(a2) # 20004018 <__stack_top+0x1fff4018>
     ce4:	000e8f93          	addi	t6,t4,0
     ce8:	00088d93          	addi	s11,a7,0
     cec:	02d12823          	sw	a3,48(sp)
     cf0:	00032683          	lw	a3,0(t1)
     cf4:	00004f37          	lui	t5,0x4
     cf8:	00002e37          	lui	t3,0x2
     cfc:	00068913          	addi	s2,a3,0
     d00:	798f0693          	addi	a3,t5,1944 # 4798 <hw_scores>
     d04:	02d12423          	sw	a3,40(sp)
     d08:	798e0693          	addi	a3,t3,1944 # 2798 <hw_energies>
     d0c:	02d12623          	sw	a3,44(sp)
     d10:	02812503          	lw	a0,40(sp)
     d14:	02c12f03          	lw	t5,44(sp)
     d18:	fc280613          	addi	a2,a6,-62
     d1c:	20004437          	lui	s0,0x20004
     d20:	20004eb7          	lui	t4,0x20004
     d24:	200042b7          	lui	t0,0x20004
     d28:	00048d13          	addi	s10,s1,0
     d2c:	00058993          	addi	s3,a1,0
     d30:	fff00493          	addi	s1,zero,-1
     d34:	02040413          	addi	s0,s0,32 # 20004020 <__stack_top+0x1fff4020>
     d38:	024e8e93          	addi	t4,t4,36 # 20004024 <__stack_top+0x1fff4024>
     d3c:	02828293          	addi	t0,t0,40 # 20004028 <__stack_top+0x1fff4028>
     d40:	00000813          	addi	a6,zero,0
     d44:	00000393          	addi	t2,zero,0
     d48:	00060593          	addi	a1,a2,0
     d4c:	00e12623          	sw	a4,12(sp)
     d50:	01042023          	sw	a6,0(s0)
     d54:	000ea303          	lw	t1,0(t4)
     d58:	0002a683          	lw	a3,0(t0)
     d5c:	00652023          	sw	t1,0(a0)
     d60:	00df2023          	sw	a3,0(t5)
     d64:	04068a63          	beq	a3,zero,db8 <detection_command+0x830>
     d68:	fff00713          	addi	a4,zero,-1
     d6c:	04e48063          	beq	s1,a4,dac <detection_command+0x824>
     d70:	02630633          	mul	a2,t1,t1
     d74:	026317b3          	mulh	a5,t1,t1
     d78:	03f638b3          	mulhu	a7,a2,t6
     d7c:	02738733          	mul	a4,t2,t2
     d80:	02739e33          	mulh	t3,t2,t2
     d84:	03f787b3          	mul	a5,a5,t6
     d88:	02de0e33          	mul	t3,t3,a3
     d8c:	011787b3          	add	a5,a5,a7
     d90:	02d738b3          	mulhu	a7,a4,a3
     d94:	011e0e33          	add	t3,t3,a7
     d98:	03f60633          	mul	a2,a2,t6
     d9c:	02d70733          	mul	a4,a4,a3
     da0:	00fe6663          	bltu	t3,a5,dac <detection_command+0x824>
     da4:	01c79a63          	bne	a5,t3,db8 <detection_command+0x830>
     da8:	00c77863          	bgeu	a4,a2,db8 <detection_command+0x830>
     dac:	00068f93          	addi	t6,a3,0
     db0:	00030393          	addi	t2,t1,0
     db4:	00080493          	addi	s1,a6,0
     db8:	00180813          	addi	a6,a6,1
     dbc:	00450513          	addi	a0,a0,4
     dc0:	004f0f13          	addi	t5,t5,4
     dc4:	f8b866e3          	bltu	a6,a1,d50 <detection_command+0x7c8>
     dc8:	0084d513          	srli	a0,s1,0x8
     dcc:	00c12883          	lw	a7,12(sp)
     dd0:	fff00813          	addi	a6,zero,-1
     dd4:	00a12623          	sw	a0,12(sp)
     dd8:	000d0793          	addi	a5,s10,0
     ddc:	00058613          	addi	a2,a1,0
     de0:	000d8713          	addi	a4,s11,0
     de4:	00098593          	addi	a1,s3,0
     de8:	00048693          	addi	a3,s1,0
     dec:	0104dd93          	srli	s11,s1,0x10
     df0:	0184dd13          	srli	s10,s1,0x18
     df4:	230482e3          	beq	s1,a6,1818 <detection_command+0x1290>
     df8:	02738e33          	mul	t3,t2,t2
     dfc:	06400313          	addi	t1,zero,100
     e00:	00001537          	lui	a0,0x1
     e04:	c4050513          	addi	a0,a0,-960 # c40 <detection_command+0x6b8>
     e08:	02739833          	mulh	a6,t2,t2
     e0c:	026e3f33          	mulhu	t5,t3,t1
     e10:	02680833          	mul	a6,a6,t1
     e14:	026e0333          	mul	t1,t3,t1
     e18:	01e80833          	add	a6,a6,t5
     e1c:	02afbe33          	mulhu	t3,t6,a0
     e20:	02af8533          	mul	a0,t6,a0
     e24:	1fc86ae3          	bltu	a6,t3,1818 <detection_command+0x1290>
     e28:	010e1463          	bne	t3,a6,e30 <detection_command+0x8a8>
     e2c:	1ea366e3          	bltu	t1,a0,1818 <detection_command+0x1290>
     e30:	00c12503          	lw	a0,12(sp)
     e34:	000d0993          	addi	s3,s10,0
     e38:	03b12223          	sw	s11,36(sp)
     e3c:	02a12023          	sw	a0,32(sp)
     e40:	00068293          	addi	t0,a3,0
     e44:	00100493          	addi	s1,zero,1
     e48:	10000537          	lui	a0,0x10000
     e4c:	01052803          	lw	a6,16(a0) # 10000010 <__stack_top+0xfff0010>
     e50:	01050513          	addi	a0,a0,16
     e54:	41280833          	sub	a6,a6,s2
     e58:	01012823          	sw	a6,16(sp)
     e5c:	00052503          	lw	a0,0(a0)
     e60:	c001a023          	sw	zero,-1024(gp) # 278c <trace_direct>
     e64:	41850c33          	sub	s8,a0,s8
     e68:	00038913          	addi	s2,t2,0
     e6c:	00012e23          	sw	zero,28(sp)
     e70:	00012c23          	sw	zero,24(sp)
     e74:	00012a23          	sw	zero,20(sp)
     e78:	02c12e83          	lw	t4,44(sp)
     e7c:	00005e37          	lui	t3,0x5
     e80:	00003f37          	lui	t5,0x3
     e84:	02812803          	lw	a6,40(sp)
     e88:	798e0e13          	addi	t3,t3,1944 # 5798 <sw_scores>
     e8c:	03112423          	sw	a7,40(sp)
     e90:	798f0f13          	addi	t5,t5,1944 # 3798 <sw_energies>
     e94:	00070893          	addi	a7,a4,0
     e98:	00000513          	addi	a0,zero,0
     e9c:	00000313          	addi	t1,zero,0
     ea0:	00078713          	addi	a4,a5,0
     ea4:	000e2783          	lw	a5,0(t3)
     ea8:	00082403          	lw	s0,0(a6)
     eac:	00150513          	addi	a0,a0,1
     eb0:	004e0e13          	addi	t3,t3,4
     eb4:	2ef40263          	beq	s0,a5,1198 <detection_command+0xc10>
     eb8:	00130313          	addi	t1,t1,1
     ebc:	00480813          	addi	a6,a6,4
     ec0:	004f0f13          	addi	t5,t5,4
     ec4:	004e8e93          	addi	t4,t4,4
     ec8:	fcc56ee3          	bltu	a0,a2,ea4 <detection_command+0x91c>
     ecc:	00070793          	addi	a5,a4,0
     ed0:	00088713          	addi	a4,a7,0
     ed4:	02812883          	lw	a7,40(sp)
     ed8:	00835e13          	srli	t3,t1,0x8
     edc:	01035e93          	srli	t4,t1,0x10
     ee0:	01835513          	srli	a0,t1,0x18
     ee4:	00000813          	addi	a6,zero,0
     ee8:	08b12423          	sw	a1,136(sp)
     eec:	01412583          	lw	a1,20(sp)
     ef0:	06a109a3          	sb	a0,115(sp)
     ef4:	03412503          	lw	a0,52(sp)
     ef8:	08b106a3          	sb	a1,141(sp)
     efc:	01812583          	lw	a1,24(sp)
     f00:	06f11423          	sh	a5,104(sp)
     f04:	fc178793          	addi	a5,a5,-63
     f08:	08b10723          	sb	a1,142(sp)
     f0c:	01c12583          	lw	a1,28(sp)
     f10:	0087d793          	srli	a5,a5,0x8
     f14:	08b107a3          	sb	a1,143(sp)
     f18:	02012583          	lw	a1,32(sp)
     f1c:	c0c1a223          	sw	a2,-1020(gp) # 2790 <trace_windows>
     f20:	06610823          	sb	t1,112(sp)
     f24:	08b108a3          	sb	a1,145(sp)
     f28:	02412583          	lw	a1,36(sp)
     f2c:	07c108a3          	sb	t3,113(sp)
     f30:	06a10a23          	sb	a0,116(sp)
     f34:	08b10923          	sb	a1,146(sp)
     f38:	06f106a3          	sb	a5,109(sp)
     f3c:	06011523          	sh	zero,106(sp)
     f40:	06011723          	sh	zero,110(sp)
     f44:	07d10923          	sb	t4,114(sp)
     f48:	06010aa3          	sb	zero,117(sp)
     f4c:	06011b23          	sh	zero,118(sp)
     f50:	07412c23          	sw	s4,120(sp)
     f54:	07512e23          	sw	s5,124(sp)
     f58:	09612023          	sw	s6,128(sp)
     f5c:	09712223          	sw	s7,132(sp)
     f60:	08910623          	sb	s1,140(sp)
     f64:	08510823          	sb	t0,144(sp)
     f68:	093109a3          	sb	s3,147(sp)
     f6c:	c081a303          	lw	t1,-1016(gp) # 2794 <detections>
     f70:	08d10a23          	sb	a3,148(sp)
     f74:	03012503          	lw	a0,48(sp)
     f78:	00c12683          	lw	a3,12(sp)
     f7c:	00130313          	addi	t1,t1,1
     f80:	0aa12423          	sw	a0,168(sp)
     f84:	03c12503          	lw	a0,60(sp)
     f88:	08d10aa3          	sb	a3,149(sp)
     f8c:	01095593          	srli	a1,s2,0x10
     f90:	0aa12623          	sw	a0,172(sp)
     f94:	03812503          	lw	a0,56(sp)
     f98:	01895693          	srli	a3,s2,0x18
     f9c:	09b10b23          	sb	s11,150(sp)
     fa0:	0aa12823          	sw	a0,176(sp)
     fa4:	01012503          	lw	a0,16(sp)
     fa8:	09a10ba3          	sb	s10,151(sp)
     fac:	c061a423          	sw	t1,-1016(gp) # 2794 <detections>
     fb0:	06c10623          	sb	a2,108(sp)
     fb4:	08711c23          	sh	t2,152(sp)
     fb8:	09f12e23          	sw	t6,156(sp)
     fbc:	0b912023          	sw	s9,160(sp)
     fc0:	0b812223          	sw	s8,164(sp)
     fc4:	0aa12a23          	sw	a0,180(sp)
     fc8:	08b10d23          	sb	a1,154(sp)
     fcc:	08d10da3          	sb	a3,155(sp)
     fd0:	00060e13          	addi	t3,a2,0
     fd4:	24080263          	beq	a6,zero,1218 <detection_command+0xc90>
     fd8:	fff00693          	addi	a3,zero,-1
     fdc:	0ad12c23          	sw	a3,184(sp)
     fe0:	0ff00693          	addi	a3,zero,255
     fe4:	00068593          	addi	a1,a3,0
     fe8:	00068e93          	addi	t4,a3,0
     fec:	00068513          	addi	a0,a3,0
     ff0:	0ad10fa3          	sb	a3,191(sp)
     ff4:	0aa10e23          	sb	a0,188(sp)
     ff8:	0bd10ea3          	sb	t4,189(sp)
     ffc:	0ab10f23          	sb	a1,190(sp)
    1000:	0c612023          	sw	t1,192(sp)
    1004:	00500693          	addi	a3,zero,5
    1008:	1cd70263          	beq	a4,a3,11cc <detection_command+0xc44>
    100c:	200047b7          	lui	a5,0x20004
    1010:	0047a603          	lw	a2,4(a5) # 20004004 <__stack_top+0x1fff4004>
    1014:	0000a6b7          	lui	a3,0xa
    1018:	50168693          	addi	a3,a3,1281 # a501 <__bss_end+0x1cb1>
    101c:	0cc12223          	sw	a2,196(sp)
    1020:	0cd12423          	sw	a3,200(sp)
    1024:	200047b7          	lui	a5,0x20004
    1028:	02c7a683          	lw	a3,44(a5) # 2000402c <__stack_top+0x1fff402c>
    102c:	200047b7          	lui	a5,0x20004
    1030:	0cd12623          	sw	a3,204(sp)
    1034:	0307a683          	lw	a3,48(a5) # 20004030 <__stack_top+0x1fff4030>
    1038:	200047b7          	lui	a5,0x20004
    103c:	0cd12823          	sw	a3,208(sp)
    1040:	0347a683          	lw	a3,52(a5) # 20004034 <__stack_top+0x1fff4034>
    1044:	00700793          	addi	a5,zero,7
    1048:	0cd12a23          	sw	a3,212(sp)
    104c:	1ae7fc63          	bgeu	a5,a4,1204 <detection_command+0xc7c>
    1050:	24081063          	bne	a6,zero,1290 <detection_command+0xd08>
    1054:	000067b7          	lui	a5,0x6
    1058:	79c7a783          	lw	a5,1948(a5) # 679c <sw_count>
    105c:	0087d593          	srli	a1,a5,0x8
    1060:	0107d613          	srli	a2,a5,0x10
    1064:	0187d693          	srli	a3,a5,0x18
    1068:	0cf10c23          	sb	a5,216(sp)
    106c:	000067b7          	lui	a5,0x6
    1070:	7987a783          	lw	a5,1944(a5) # 6798 <hw_count>
    1074:	0cb10ca3          	sb	a1,217(sp)
    1078:	0cc10d23          	sb	a2,218(sp)
    107c:	0cd10da3          	sb	a3,219(sp)
    1080:	06810613          	addi	a2,sp,104
    1084:	00400693          	addi	a3,zero,4
    1088:	000065b7          	lui	a1,0x6
    108c:	00006e37          	lui	t3,0x6
    1090:	0cf12e23          	sw	a5,220(sp)
    1094:	0ed12023          	sw	a3,224(sp)
    1098:	0e012223          	sw	zero,228(sp)
    109c:	00060793          	addi	a5,a2,0
    10a0:	7a058593          	addi	a1,a1,1952 # 67a0 <hw_targets>
    10a4:	7f0e0e13          	addi	t3,t3,2032 # 67f0 <sw_targets>
    10a8:	fff00f13          	addi	t5,zero,-1
    10ac:	0ff00e93          	addi	t4,zero,255
    10b0:	0e081c63          	bne	a6,zero,11a8 <detection_command+0xc20>
    10b4:	004e2683          	lw	a3,4(t3)
    10b8:	00ce2303          	lw	t1,12(t3)
    10bc:	010e2503          	lw	a0,16(t3)
    10c0:	0086df93          	srli	t6,a3,0x8
    10c4:	0106de93          	srli	t4,a3,0x10
    10c8:	08d78023          	sb	a3,128(a5)
    10cc:	0186d693          	srli	a3,a3,0x18
    10d0:	09f780a3          	sb	t6,129(a5)
    10d4:	09d78123          	sb	t4,130(a5)
    10d8:	01035f93          	srli	t6,t1,0x10
    10dc:	00835e93          	srli	t4,t1,0x8
    10e0:	08d781a3          	sb	a3,131(a5)
    10e4:	01835693          	srli	a3,t1,0x18
    10e8:	09f78323          	sb	t6,134(a5)
    10ec:	09d782a3          	sb	t4,133(a5)
    10f0:	08678223          	sb	t1,132(a5)
    10f4:	08d783a3          	sb	a3,135(a5)
    10f8:	00855f93          	srli	t6,a0,0x8
    10fc:	01055293          	srli	t0,a0,0x10
    1100:	01855e93          	srli	t4,a0,0x18
    1104:	0045a683          	lw	a3,4(a1)
    1108:	08a78423          	sb	a0,136(a5)
    110c:	00c5a303          	lw	t1,12(a1)
    1110:	09f784a3          	sb	t6,137(a5)
    1114:	0105a503          	lw	a0,16(a1)
    1118:	0086df93          	srli	t6,a3,0x8
    111c:	09d785a3          	sb	t4,139(a5)
    1120:	0ad78823          	sb	a3,176(a5)
    1124:	0106de93          	srli	t4,a3,0x10
    1128:	0186d693          	srli	a3,a3,0x18
    112c:	08578523          	sb	t0,138(a5)
    1130:	0bf788a3          	sb	t6,177(a5)
    1134:	00835393          	srli	t2,t1,0x8
    1138:	0bd78923          	sb	t4,178(a5)
    113c:	01035293          	srli	t0,t1,0x10
    1140:	0ad789a3          	sb	a3,179(a5)
    1144:	01835f93          	srli	t6,t1,0x18
    1148:	0a678a23          	sb	t1,180(a5)
    114c:	01855693          	srli	a3,a0,0x18
    1150:	00855e93          	srli	t4,a0,0x8
    1154:	01055313          	srli	t1,a0,0x10
    1158:	0ad78da3          	sb	a3,187(a5)
    115c:	0a778aa3          	sb	t2,181(a5)
    1160:	0a578b23          	sb	t0,182(a5)
    1164:	0bf78ba3          	sb	t6,183(a5)
    1168:	0aa78c23          	sb	a0,184(a5)
    116c:	0bd78ca3          	sb	t4,185(a5)
    1170:	0a678d23          	sb	t1,186(a5)
    1174:	09810693          	addi	a3,sp,152
    1178:	00c78793          	addi	a5,a5,12
    117c:	014e0e13          	addi	t3,t3,20
    1180:	01458593          	addi	a1,a1,20
    1184:	f2d794e3          	bne	a5,a3,10ac <detection_command+0xb24>
    1188:	08074513          	xori	a0,a4,128
    118c:	0e000693          	addi	a3,zero,224
    1190:	00088593          	addi	a1,a7,0
    1194:	e38ff06f          	jal	zero,7cc <detection_command+0x244>
    1198:	000ea783          	lw	a5,0(t4)
    119c:	000f2403          	lw	s0,0(t5)
    11a0:	d0879ce3          	bne	a5,s0,eb8 <detection_command+0x930>
    11a4:	d19ff06f          	jal	zero,ebc <detection_command+0x934>
    11a8:	09e7a023          	sw	t5,128(a5)
    11ac:	09e78223          	sb	t5,132(a5)
    11b0:	09e782a3          	sb	t5,133(a5)
    11b4:	09e78323          	sb	t5,134(a5)
    11b8:	09e783a3          	sb	t5,135(a5)
    11bc:	000e8293          	addi	t0,t4,0
    11c0:	000e8f93          	addi	t6,t4,0
    11c4:	000e8513          	addi	a0,t4,0
    11c8:	f3dff06f          	jal	zero,1104 <detection_command+0xb7c>
    11cc:	200006b7          	lui	a3,0x20000
    11d0:	0046a583          	lw	a1,4(a3) # 20000004 <__stack_top+0x1fff0004>
    11d4:	0000a6b7          	lui	a3,0xa
    11d8:	00661613          	slli	a2,a2,0x6
    11dc:	50168693          	addi	a3,a3,1281 # a501 <__bss_end+0x1cb1>
    11e0:	0cb12223          	sw	a1,196(sp)
    11e4:	0cc11623          	sh	a2,204(sp)
    11e8:	0cc11823          	sh	a2,208(sp)
    11ec:	0c011723          	sh	zero,206(sp)
    11f0:	0c011923          	sh	zero,210(sp)
    11f4:	0dc10a23          	sb	t3,212(sp)
    11f8:	0cf10aa3          	sb	a5,213(sp)
    11fc:	0c011b23          	sh	zero,214(sp)
    1200:	0cd12423          	sw	a3,200(sp)
    1204:	08074513          	xori	a0,a4,128
    1208:	07000693          	addi	a3,zero,112
    120c:	06810613          	addi	a2,sp,104
    1210:	00088593          	addi	a1,a7,0
    1214:	db8ff06f          	jal	zero,7cc <detection_command+0x244>
    1218:	000035b7          	lui	a1,0x3
    121c:	00005537          	lui	a0,0x5
    1220:	79858593          	addi	a1,a1,1944 # 3798 <sw_energies>
    1224:	79850513          	addi	a0,a0,1944 # 5798 <sw_scores>
    1228:	03112223          	sw	a7,36(sp)
    122c:	02e12023          	sw	a4,32(sp)
    1230:	01012e23          	sw	a6,28(sp)
    1234:	00f12c23          	sw	a5,24(sp)
    1238:	00612823          	sw	t1,16(sp)
    123c:	00c12a23          	sw	a2,20(sp)
    1240:	00c12623          	sw	a2,12(sp)
    1244:	f95fe0ef          	jal	ra,1d8 <stats_crc>
    1248:	00c12603          	lw	a2,12(sp)
    124c:	0aa12c23          	sw	a0,184(sp)
    1250:	000025b7          	lui	a1,0x2
    1254:	00004537          	lui	a0,0x4
    1258:	79858593          	addi	a1,a1,1944 # 2798 <hw_energies>
    125c:	79850513          	addi	a0,a0,1944 # 4798 <hw_scores>
    1260:	f79fe0ef          	jal	ra,1d8 <stats_crc>
    1264:	02412883          	lw	a7,36(sp)
    1268:	02012703          	lw	a4,32(sp)
    126c:	01812783          	lw	a5,24(sp)
    1270:	01412e03          	lw	t3,20(sp)
    1274:	01012303          	lw	t1,16(sp)
    1278:	00c12603          	lw	a2,12(sp)
    127c:	00855e93          	srli	t4,a0,0x8
    1280:	01055593          	srli	a1,a0,0x10
    1284:	01855693          	srli	a3,a0,0x18
    1288:	00000813          	addi	a6,zero,0
    128c:	d65ff06f          	jal	zero,ff0 <detection_command+0xa68>
    1290:	0ff00693          	addi	a3,zero,255
    1294:	00068613          	addi	a2,a3,0
    1298:	00068593          	addi	a1,a3,0
    129c:	00068793          	addi	a5,a3,0
    12a0:	dc9ff06f          	jal	zero,1068 <detection_command+0xae0>
    12a4:	00070693          	addi	a3,a4,0
    12a8:	00088713          	addi	a4,a7,0
    12ac:	00068893          	addi	a7,a3,0
    12b0:	408906b3          	sub	a3,s2,s0
    12b4:	02d12e23          	sw	a3,60(sp)
    12b8:	413306b3          	sub	a3,t1,s3
    12bc:	02d12c23          	sw	a3,56(sp)
    12c0:	0013b693          	sltiu	a3,t2,1
    12c4:	20004637          	lui	a2,0x20004
    12c8:	02d12a23          	sw	a3,52(sp)
    12cc:	01862683          	lw	a3,24(a2) # 20004018 <__stack_top+0x1fff4018>
    12d0:	00048793          	addi	a5,s1,0
    12d4:	00028513          	addi	a0,t0,0
    12d8:	02d12823          	sw	a3,48(sp)
    12dc:	20004637          	lui	a2,0x20004
    12e0:	03860693          	addi	a3,a2,56 # 20004038 <__stack_top+0x1fff4038>
    12e4:	000f2e83          	lw	t4,0(t5)
    12e8:	0006a683          	lw	a3,0(a3)
    12ec:	000e8493          	addi	s1,t4,0
    12f0:	00068993          	addi	s3,a3,0
    12f4:	03c62683          	lw	a3,60(a2)
    12f8:	00068d13          	addi	s10,a3,0
    12fc:	04062683          	lw	a3,64(a2)
    1300:	00068d93          	addi	s11,a3,0
    1304:	04462683          	lw	a3,68(a2)
    1308:	04862f83          	lw	t6,72(a2)
    130c:	00700613          	addi	a2,zero,7
    1310:	00068913          	addi	s2,a3,0
    1314:	00068393          	addi	t2,a3,0
    1318:	0ce67c63          	bgeu	a2,a4,13f0 <detection_command+0xe68>
    131c:	000026b7          	lui	a3,0x2
    1320:	37868413          	addi	s0,a3,888 # 2378 <crc_table+0x40>
    1324:	3786a683          	lw	a3,888(a3)
    1328:	20004637          	lui	a2,0x20004
    132c:	05462283          	lw	t0,84(a2) # 20004054 <__stack_top+0x1fff4054>
    1330:	00d12623          	sw	a3,12(sp)
    1334:	00006637          	lui	a2,0x6
    1338:	01112a23          	sw	a7,20(sp)
    133c:	00080893          	addi	a7,a6,0
    1340:	00050813          	addi	a6,a0,0
    1344:	00078513          	addi	a0,a5,0
    1348:	00c12783          	lw	a5,12(sp)
    134c:	78562c23          	sw	t0,1944(a2) # 6798 <hw_count>
    1350:	00442f03          	lw	t5,4(s0)
    1354:	00842e83          	lw	t4,8(s0)
    1358:	00c42303          	lw	t1,12(s0)
    135c:	01042683          	lw	a3,16(s0)
    1360:	00006637          	lui	a2,0x6
    1364:	200042b7          	lui	t0,0x20004
    1368:	20004437          	lui	s0,0x20004
    136c:	7a060613          	addi	a2,a2,1952 # 67a0 <hw_targets>
    1370:	06428293          	addi	t0,t0,100 # 20004064 <__stack_top+0x1fff4064>
    1374:	09440413          	addi	s0,s0,148 # 20004094 <__stack_top+0x1fff4094>
    1378:	00e12823          	sw	a4,16(sp)
    137c:	01e62223          	sw	t5,4(a2)
    1380:	00662623          	sw	t1,12(a2)
    1384:	00d62823          	sw	a3,16(a2)
    1388:	00f62023          	sw	a5,0(a2)
    138c:	01d62423          	sw	t4,8(a2)
    1390:	04f12a23          	sw	a5,84(sp)
    1394:	05e12c23          	sw	t5,88(sp)
    1398:	05d12e23          	sw	t4,92(sp)
    139c:	06612023          	sw	t1,96(sp)
    13a0:	06d12223          	sw	a3,100(sp)
    13a4:	06f12423          	sw	a5,104(sp)
    13a8:	07e12623          	sw	t5,108(sp)
    13ac:	07d12823          	sw	t4,112(sp)
    13b0:	06612a23          	sw	t1,116(sp)
    13b4:	06d12c23          	sw	a3,120(sp)
    13b8:	ffc2a703          	lw	a4,-4(t0)
    13bc:	00c28293          	addi	t0,t0,12
    13c0:	01460613          	addi	a2,a2,20
    13c4:	fee62823          	sw	a4,-16(a2)
    13c8:	ff42a703          	lw	a4,-12(t0)
    13cc:	fee62c23          	sw	a4,-8(a2)
    13d0:	ff82a703          	lw	a4,-8(t0)
    13d4:	fee62e23          	sw	a4,-4(a2)
    13d8:	fa8292e3          	bne	t0,s0,137c <detection_command+0xdf4>
    13dc:	00050793          	addi	a5,a0,0
    13e0:	01012703          	lw	a4,16(sp)
    13e4:	00080513          	addi	a0,a6,0
    13e8:	00088813          	addi	a6,a7,0
    13ec:	01412883          	lw	a7,20(sp)
    13f0:	10000637          	lui	a2,0x10000
    13f4:	01062683          	lw	a3,16(a2) # 10000010 <__stack_top+0xfff0010>
    13f8:	01060613          	addi	a2,a2,16
    13fc:	409686b3          	sub	a3,a3,s1
    1400:	00d12823          	sw	a3,16(sp)
    1404:	00062683          	lw	a3,0(a2)
    1408:	001e3613          	sltiu	a2,t3,1
    140c:	41868c33          	sub	s8,a3,s8
    1410:	0089d693          	srli	a3,s3,0x8
    1414:	00d12a23          	sw	a3,20(sp)
    1418:	0109d693          	srli	a3,s3,0x10
    141c:	00d12c23          	sw	a3,24(sp)
    1420:	0189d693          	srli	a3,s3,0x18
    1424:	c0c1a023          	sw	a2,-1024(gp) # 278c <trace_direct>
    1428:	00d12e23          	sw	a3,28(sp)
    142c:	ffa70613          	addi	a2,a4,-6
    1430:	008d5693          	srli	a3,s10,0x8
    1434:	0fd67313          	andi	t1,a2,253
    1438:	02d12023          	sw	a3,32(sp)
    143c:	fc280613          	addi	a2,a6,-62
    1440:	010d5693          	srli	a3,s10,0x10
    1444:	008dd813          	srli	a6,s11,0x8
    1448:	02d12223          	sw	a3,36(sp)
    144c:	01012623          	sw	a6,12(sp)
    1450:	000d8693          	addi	a3,s11,0
    1454:	00098493          	addi	s1,s3,0
    1458:	000d0293          	addi	t0,s10,0
    145c:	018d5993          	srli	s3,s10,0x18
    1460:	010ddd93          	srli	s11,s11,0x10
    1464:	0186dd13          	srli	s10,a3,0x18
    1468:	02030063          	beq	t1,zero,1488 <detection_command+0xf00>
    146c:	3c0e1463          	bne	t3,zero,1834 <detection_command+0x12ac>
    1470:	0ff00513          	addi	a0,zero,255
    1474:	00050e93          	addi	t4,a0,0
    1478:	00050e13          	addi	t3,a0,0
    147c:	00050313          	addi	t1,a0,0
    1480:	00100813          	addi	a6,zero,1
    1484:	a65ff06f          	jal	zero,ee8 <detection_command+0x960>
    1488:	00004f37          	lui	t5,0x4
    148c:	798f0813          	addi	a6,t5,1944 # 4798 <hw_scores>
    1490:	03012423          	sw	a6,40(sp)
    1494:	00002e37          	lui	t3,0x2
    1498:	02812303          	lw	t1,40(sp)
    149c:	798e0813          	addi	a6,t3,1944 # 2798 <hw_energies>
    14a0:	20004437          	lui	s0,0x20004
    14a4:	20004eb7          	lui	t4,0x20004
    14a8:	20004f37          	lui	t5,0x20004
    14ac:	03012623          	sw	a6,44(sp)
    14b0:	02040413          	addi	s0,s0,32 # 20004020 <__stack_top+0x1fff4020>
    14b4:	024e8e93          	addi	t4,t4,36 # 20004024 <__stack_top+0x1fff4024>
    14b8:	028f0f13          	addi	t5,t5,40 # 20004028 <__stack_top+0x1fff4028>
    14bc:	00a42023          	sw	a0,0(s0)
    14c0:	000eae03          	lw	t3,0(t4)
    14c4:	00150513          	addi	a0,a0,1
    14c8:	00430313          	addi	t1,t1,4
    14cc:	ffc32e23          	sw	t3,-4(t1)
    14d0:	000f2e03          	lw	t3,0(t5)
    14d4:	00480813          	addi	a6,a6,4
    14d8:	ffc82e23          	sw	t3,-4(a6)
    14dc:	fec560e3          	bltu	a0,a2,14bc <detection_command+0xf34>
    14e0:	999ff06f          	jal	zero,e78 <detection_command+0x8f0>
    14e4:	000026b7          	lui	a3,0x2
    14e8:	37868413          	addi	s0,a3,888 # 2378 <crc_table+0x40>
    14ec:	00006537          	lui	a0,0x6
    14f0:	3786a683          	lw	a3,888(a3)
    14f4:	7f050e93          	addi	t4,a0,2032 # 67f0 <sw_targets>
    14f8:	00442283          	lw	t0,4(s0)
    14fc:	00842383          	lw	t2,8(s0)
    1500:	00c42f83          	lw	t6,12(s0)
    1504:	01042f03          	lw	t5,16(s0)
    1508:	00006437          	lui	s0,0x6
    150c:	050e8313          	addi	t1,t4,80
    1510:	000e8513          	addi	a0,t4,0
    1514:	78042e23          	sw	zero,1948(s0) # 679c <sw_count>
    1518:	00d52023          	sw	a3,0(a0)
    151c:	00552223          	sw	t0,4(a0)
    1520:	00752423          	sw	t2,8(a0)
    1524:	01f52623          	sw	t6,12(a0)
    1528:	01e52823          	sw	t5,16(a0)
    152c:	04d12a23          	sw	a3,84(sp)
    1530:	04512c23          	sw	t0,88(sp)
    1534:	04712e23          	sw	t2,92(sp)
    1538:	07f12023          	sw	t6,96(sp)
    153c:	07e12223          	sw	t5,100(sp)
    1540:	06d12423          	sw	a3,104(sp)
    1544:	06512623          	sw	t0,108(sp)
    1548:	06712823          	sw	t2,112(sp)
    154c:	07f12a23          	sw	t6,116(sp)
    1550:	07e12c23          	sw	t5,120(sp)
    1554:	01450513          	addi	a0,a0,20
    1558:	fca310e3          	bne	t1,a0,1518 <detection_command+0xf90>
    155c:	1a0a0a63          	beq	s4,zero,1710 <detection_command+0x1188>
    1560:	00060d13          	addi	s10,a2,0
    1564:	01012823          	sw	a6,16(sp)
    1568:	01112e23          	sw	a7,28(sp)
    156c:	000e8f13          	addi	t5,t4,0
    1570:	000a8693          	addi	a3,s5,0
    1574:	00100513          	addi	a0,zero,1
    1578:	00058d93          	addi	s11,a1,0
    157c:	00f12623          	sw	a5,12(sp)
    1580:	000b8613          	addi	a2,s7,0
    1584:	000a0313          	addi	t1,s4,0
    1588:	01c12a23          	sw	t3,20(sp)
    158c:	fc280813          	addi	a6,a6,-62
    1590:	00e12c23          	sw	a4,24(sp)
    1594:	000b0893          	addi	a7,s6,0
    1598:	006f2023          	sw	t1,0(t5)
    159c:	00df2223          	sw	a3,4(t5)
    15a0:	011f2423          	sw	a7,8(t5)
    15a4:	00cf2623          	sw	a2,12(t5)
    15a8:	00bf2823          	sw	a1,16(t5)
    15ac:	00400793          	addi	a5,zero,4
    15b0:	12f50e63          	beq	a0,a5,16ec <detection_command+0x1164>
    15b4:	000037b7          	lui	a5,0x3
    15b8:	79878313          	addi	t1,a5,1944 # 3798 <sw_energies>
    15bc:	000057b7          	lui	a5,0x5
    15c0:	000f0993          	addi	s3,t5,0
    15c4:	79878593          	addi	a1,a5,1944 # 5798 <sw_scores>
    15c8:	00000e13          	addi	t3,zero,0
    15cc:	fff00f13          	addi	t5,zero,-1
    15d0:	00000893          	addi	a7,zero,0
    15d4:	04000793          	addi	a5,zero,64
    15d8:	00000393          	addi	t2,zero,0
    15dc:	000e8693          	addi	a3,t4,0
    15e0:	00000613          	addi	a2,zero,0
    15e4:	00000713          	addi	a4,zero,0
    15e8:	0046af83          	lw	t6,4(a3)
    15ec:	00170713          	addi	a4,a4,1
    15f0:	01468693          	addi	a3,a3,20
    15f4:	040f8293          	addi	t0,t6,64
    15f8:	00ffbfb3          	sltu	t6,t6,a5
    15fc:	0053f463          	bgeu	t2,t0,1604 <detection_command+0x107c>
    1600:	01f66633          	or	a2,a2,t6
    1604:	fea762e3          	bltu	a4,a0,15e8 <detection_command+0x1060>
    1608:	06061263          	bne	a2,zero,166c <detection_command+0x10e4>
    160c:	00032703          	lw	a4,0(t1)
    1610:	04070e63          	beq	a4,zero,166c <detection_command+0x10e4>
    1614:	fff00693          	addi	a3,zero,-1
    1618:	0005a603          	lw	a2,0(a1)
    161c:	04df0263          	beq	t5,a3,1660 <detection_command+0x10d8>
    1620:	02c60433          	mul	s0,a2,a2
    1624:	02c61fb3          	mulh	t6,a2,a2
    1628:	00040913          	addi	s2,s0,0
    162c:	031882b3          	mul	t0,a7,a7
    1630:	03c43433          	mulhu	s0,s0,t3
    1634:	031896b3          	mulh	a3,a7,a7
    1638:	03cf8fb3          	mul	t6,t6,t3
    163c:	02e686b3          	mul	a3,a3,a4
    1640:	008f8fb3          	add	t6,t6,s0
    1644:	02e2b433          	mulhu	s0,t0,a4
    1648:	008686b3          	add	a3,a3,s0
    164c:	03c90433          	mul	s0,s2,t3
    1650:	01f6e863          	bltu	a3,t6,1660 <detection_command+0x10d8>
    1654:	00df9c63          	bne	t6,a3,166c <detection_command+0x10e4>
    1658:	02e28fb3          	mul	t6,t0,a4
    165c:	008ff863          	bgeu	t6,s0,166c <detection_command+0x10e4>
    1660:	00070e13          	addi	t3,a4,0
    1664:	00060893          	addi	a7,a2,0
    1668:	00038f13          	addi	t5,t2,0
    166c:	00138393          	addi	t2,t2,1
    1670:	00430313          	addi	t1,t1,4
    1674:	00458593          	addi	a1,a1,4
    1678:	00178793          	addi	a5,a5,1
    167c:	f703e0e3          	bltu	t2,a6,15dc <detection_command+0x1054>
    1680:	fff00793          	addi	a5,zero,-1
    1684:	00088613          	addi	a2,a7,0
    1688:	000e0593          	addi	a1,t3,0
    168c:	000f0893          	addi	a7,t5,0
    1690:	04ff0e63          	beq	t5,a5,16ec <detection_command+0x1164>
    1694:	02c606b3          	mul	a3,a2,a2
    1698:	06400793          	addi	a5,zero,100
    169c:	00001e37          	lui	t3,0x1
    16a0:	c40e0e13          	addi	t3,t3,-960 # c40 <detection_command+0x6b8>
    16a4:	01498f13          	addi	t5,s3,20
    16a8:	00150393          	addi	t2,a0,1
    16ac:	00100313          	addi	t1,zero,1
    16b0:	02c61733          	mulh	a4,a2,a2
    16b4:	02f6bfb3          	mulhu	t6,a3,a5
    16b8:	02f70733          	mul	a4,a4,a5
    16bc:	01f70733          	add	a4,a4,t6
    16c0:	03c5bfb3          	mulhu	t6,a1,t3
    16c4:	02f686b3          	mul	a3,a3,a5
    16c8:	000017b7          	lui	a5,0x1
    16cc:	c4078793          	addi	a5,a5,-960 # c40 <detection_command+0x6b8>
    16d0:	02f587b3          	mul	a5,a1,a5
    16d4:	01f76c63          	bltu	a4,t6,16ec <detection_command+0x1164>
    16d8:	00ef9463          	bne	t6,a4,16e0 <detection_command+0x1158>
    16dc:	00f6e863          	bltu	a3,a5,16ec <detection_command+0x1164>
    16e0:	00038513          	addi	a0,t2,0
    16e4:	00088693          	addi	a3,a7,0
    16e8:	eb1ff06f          	jal	zero,1598 <detection_command+0x1010>
    16ec:	00c12783          	lw	a5,12(sp)
    16f0:	01012803          	lw	a6,16(sp)
    16f4:	01412e03          	lw	t3,20(sp)
    16f8:	01812703          	lw	a4,24(sp)
    16fc:	01c12883          	lw	a7,28(sp)
    1700:	000066b7          	lui	a3,0x6
    1704:	000d0613          	addi	a2,s10,0
    1708:	000d8593          	addi	a1,s11,0
    170c:	78a6ae23          	sw	a0,1948(a3) # 679c <sw_count>
    1710:	10000537          	lui	a0,0x10000
    1714:	01052f03          	lw	t5,16(a0) # 10000010 <__stack_top+0xfff0010>
    1718:	01050513          	addi	a0,a0,16
    171c:	419f0cb3          	sub	s9,t5,s9
    1720:	00052683          	lw	a3,0(a0)
    1724:	00068c13          	addi	s8,a3,0
    1728:	f71fe06f          	jal	zero,698 <detection_command+0x110>
    172c:	00058893          	addi	a7,a1,0
    1730:	000ea783          	lw	a5,0(t4)
    1734:	d68ff06f          	jal	zero,c9c <detection_command+0x714>
    1738:	200007b7          	lui	a5,0x20000
    173c:	01078793          	addi	a5,a5,16 # 20000010 <__stack_top+0x1fff0010>
    1740:	200006b7          	lui	a3,0x20000
    1744:	0007a783          	lw	a5,0(a5)
    1748:	01468693          	addi	a3,a3,20 # 20000014 <__stack_top+0x1fff0014>
    174c:	0006a683          	lw	a3,0(a3)
    1750:	41f7d313          	srai	t1,a5,0x1f
    1754:	fcd31ce3          	bne	t1,a3,172c <detection_command+0x11a4>
    1758:	200006b7          	lui	a3,0x20000
    175c:	01868693          	addi	a3,a3,24 # 20000018 <__stack_top+0x1fff0018>
    1760:	0006a683          	lw	a3,0(a3)
    1764:	03012303          	lw	t1,48(sp)
    1768:	00fd2023          	sw	a5,0(s10)
    176c:	00ada023          	sw	a0,0(s11)
    1770:	00d306b3          	add	a3,t1,a3
    1774:	02d12823          	sw	a3,48(sp)
    1778:	06050463          	beq	a0,zero,17e0 <detection_command+0x1258>
    177c:	01012303          	lw	t1,16(sp)
    1780:	fff00693          	addi	a3,zero,-1
    1784:	04d30663          	beq	t1,a3,17d0 <detection_command+0x1248>
    1788:	02f78433          	mul	s0,a5,a5
    178c:	02f79333          	mulh	t1,a5,a5
    1790:	00040493          	addi	s1,s0,0
    1794:	03f30333          	mul	t1,t1,t6
    1798:	03f43433          	mulhu	s0,s0,t6
    179c:	027396b3          	mulh	a3,t2,t2
    17a0:	00830333          	add	t1,t1,s0
    17a4:	02738433          	mul	s0,t2,t2
    17a8:	02a686b3          	mul	a3,a3,a0
    17ac:	02a43433          	mulhu	s0,s0,a0
    17b0:	008686b3          	add	a3,a3,s0
    17b4:	03f48433          	mul	s0,s1,t6
    17b8:	00040493          	addi	s1,s0,0
    17bc:	02738433          	mul	s0,t2,t2
    17c0:	02a40433          	mul	s0,s0,a0
    17c4:	0066e663          	bltu	a3,t1,17d0 <detection_command+0x1248>
    17c8:	00d31c63          	bne	t1,a3,17e0 <detection_command+0x1258>
    17cc:	00947a63          	bgeu	s0,s1,17e0 <detection_command+0x1258>
    17d0:	00078393          	addi	t2,a5,0
    17d4:	00c12783          	lw	a5,12(sp)
    17d8:	00050f93          	addi	t6,a0,0
    17dc:	00f12823          	sw	a5,16(sp)
    17e0:	00c12783          	lw	a5,12(sp)
    17e4:	00178793          	addi	a5,a5,1
    17e8:	00f12623          	sw	a5,12(sp)
    17ec:	06c7f263          	bgeu	a5,a2,1850 <detection_command+0x12c8>
    17f0:	08071783          	lh	a5,128(a4)
    17f4:	00071683          	lh	a3,0(a4)
    17f8:	00270713          	addi	a4,a4,2
    17fc:	02f787b3          	mul	a5,a5,a5
    1800:	004d0d13          	addi	s10,s10,4
    1804:	004d8d93          	addi	s11,s11,4
    1808:	02d686b3          	mul	a3,a3,a3
    180c:	00a787b3          	add	a5,a5,a0
    1810:	40d78533          	sub	a0,a5,a3
    1814:	bd4ff06f          	jal	zero,be8 <detection_command+0x660>
    1818:	0ff00513          	addi	a0,zero,255
    181c:	00050993          	addi	s3,a0,0
    1820:	02a12223          	sw	a0,36(sp)
    1824:	02a12023          	sw	a0,32(sp)
    1828:	00050293          	addi	t0,a0,0
    182c:	00000493          	addi	s1,zero,0
    1830:	e18ff06f          	jal	zero,e48 <detection_command+0x8c0>
    1834:	00004837          	lui	a6,0x4
    1838:	00002537          	lui	a0,0x2
    183c:	79880813          	addi	a6,a6,1944 # 4798 <hw_scores>
    1840:	79850513          	addi	a0,a0,1944 # 2798 <hw_energies>
    1844:	03012423          	sw	a6,40(sp)
    1848:	02a12623          	sw	a0,44(sp)
    184c:	e2cff06f          	jal	zero,e78 <detection_command+0x8f0>
    1850:	01012683          	lw	a3,16(sp)
    1854:	fff00513          	addi	a0,zero,-1
    1858:	00088793          	addi	a5,a7,0
    185c:	01c12703          	lw	a4,28(sp)
    1860:	00058893          	addi	a7,a1,0
    1864:	01812583          	lw	a1,24(sp)
    1868:	0aa68c63          	beq	a3,a0,1920 <detection_command+0x1398>
    186c:	02738e33          	mul	t3,t2,t2
    1870:	06400f13          	addi	t5,zero,100
    1874:	00001537          	lui	a0,0x1
    1878:	c4050513          	addi	a0,a0,-960 # c40 <detection_command+0x6b8>
    187c:	02739333          	mulh	t1,t2,t2
    1880:	03ee36b3          	mulhu	a3,t3,t5
    1884:	03e30333          	mul	t1,t1,t5
    1888:	03ee0e33          	mul	t3,t3,t5
    188c:	00d30333          	add	t1,t1,a3
    1890:	02afbf33          	mulhu	t5,t6,a0
    1894:	02af8533          	mul	a0,t6,a0
    1898:	09e36463          	bltu	t1,t5,1920 <detection_command+0x1398>
    189c:	006f1463          	bne	t5,t1,18a4 <detection_command+0x131c>
    18a0:	08ae6063          	bltu	t3,a0,1920 <detection_command+0x1398>
    18a4:	01012303          	lw	t1,16(sp)
    18a8:	00100813          	addi	a6,zero,1
    18ac:	10000537          	lui	a0,0x10000
    18b0:	fff00693          	addi	a3,zero,-1
    18b4:	01050513          	addi	a0,a0,16 # 10000010 <__stack_top+0xfff0010>
    18b8:	00052503          	lw	a0,0(a0)
    18bc:	02d12e23          	sw	a3,60(sp)
    18c0:	00835693          	srli	a3,t1,0x8
    18c4:	02d12023          	sw	a3,32(sp)
    18c8:	01035693          	srli	a3,t1,0x10
    18cc:	02d12223          	sw	a3,36(sp)
    18d0:	01012683          	lw	a3,16(sp)
    18d4:	41850c33          	sub	s8,a0,s8
    18d8:	0086d513          	srli	a0,a3,0x8
    18dc:	00a12623          	sw	a0,12(sp)
    18e0:	fff00513          	addi	a0,zero,-1
    18e4:	02a12c23          	sw	a0,56(sp)
    18e8:	00a12823          	sw	a0,16(sp)
    18ec:	00100513          	addi	a0,zero,1
    18f0:	c001a023          	sw	zero,-1024(gp) # 278c <trace_direct>
    18f4:	00080493          	addi	s1,a6,0
    18f8:	00030293          	addi	t0,t1,0
    18fc:	01835993          	srli	s3,t1,0x18
    1900:	0106dd93          	srli	s11,a3,0x10
    1904:	0186dd13          	srli	s10,a3,0x18
    1908:	00038913          	addi	s2,t2,0
    190c:	00012e23          	sw	zero,28(sp)
    1910:	00012c23          	sw	zero,24(sp)
    1914:	00012a23          	sw	zero,20(sp)
    1918:	02a12a23          	sw	a0,52(sp)
    191c:	d5cff06f          	jal	zero,e78 <detection_command+0x8f0>
    1920:	fff00313          	addi	t1,zero,-1
    1924:	f89ff06f          	jal	zero,18ac <detection_command+0x1324>

00001928 <main>:
    1928:	f4010113          	addi	sp,sp,-192
    192c:	000027b7          	lui	a5,0x2
    1930:	123455b7          	lui	a1,0x12345
    1934:	38c78713          	addi	a4,a5,908 # 238c <scratch.0>
    1938:	0a112e23          	sw	ra,188(sp)
    193c:	0a812c23          	sw	s0,184(sp)
    1940:	0a912a23          	sw	s1,180(sp)
    1944:	0b212823          	sw	s2,176(sp)
    1948:	0b312623          	sw	s3,172(sp)
    194c:	0b412423          	sw	s4,168(sp)
    1950:	0b512223          	sw	s5,164(sp)
    1954:	09712e23          	sw	s7,156(sp)
    1958:	09812c23          	sw	s8,152(sp)
    195c:	09912a23          	sw	s9,148(sp)
    1960:	09a12823          	sw	s10,144(sp)
    1964:	09b12623          	sw	s11,140(sp)
    1968:	67858593          	addi	a1,a1,1656 # 12345678 <__stack_top+0x12335678>
    196c:	00000793          	addi	a5,zero,0
    1970:	10000513          	addi	a0,zero,256
    1974:	00279693          	slli	a3,a5,0x2
    1978:	00b7c633          	xor	a2,a5,a1
    197c:	00d706b3          	add	a3,a4,a3
    1980:	00c6a023          	sw	a2,0(a3)
    1984:	00178793          	addi	a5,a5,1
    1988:	fea796e3          	bne	a5,a0,1974 <main+0x4c>
    198c:	123455b7          	lui	a1,0x12345
    1990:	67858593          	addi	a1,a1,1656 # 12345678 <__stack_top+0x12335678>
    1994:	00100413          	addi	s0,zero,1
    1998:	00000693          	addi	a3,zero,0
    199c:	10000513          	addi	a0,zero,256
    19a0:	00269793          	slli	a5,a3,0x2
    19a4:	00f707b3          	add	a5,a4,a5
    19a8:	0007a603          	lw	a2,0(a5)
    19ac:	00b6c7b3          	xor	a5,a3,a1
    19b0:	00168693          	addi	a3,a3,1
    19b4:	40c787b3          	sub	a5,a5,a2
    19b8:	0017b793          	sltiu	a5,a5,1
    19bc:	00f47433          	and	s0,s0,a5
    19c0:	fea690e3          	bne	a3,a0,19a0 <main+0x78>
    19c4:	00070613          	addi	a2,a4,0
    19c8:	00070593          	addi	a1,a4,0
    19cc:	00000793          	addi	a5,zero,0
    19d0:	40000513          	addi	a0,zero,1024
    19d4:	0037d693          	srli	a3,a5,0x3
    19d8:	00f6c6b3          	xor	a3,a3,a5
    19dc:	00d58023          	sb	a3,0(a1)
    19e0:	00178793          	addi	a5,a5,1
    19e4:	00158593          	addi	a1,a1,1
    19e8:	fea796e3          	bne	a5,a0,19d4 <main+0xac>
    19ec:	00070593          	addi	a1,a4,0
    19f0:	00000693          	addi	a3,zero,0
    19f4:	40000813          	addi	a6,zero,1024
    19f8:	0005c503          	lbu	a0,0(a1)
    19fc:	0036d793          	srli	a5,a3,0x3
    1a00:	00d7c7b3          	xor	a5,a5,a3
    1a04:	0ff7f793          	andi	a5,a5,255
    1a08:	40a787b3          	sub	a5,a5,a0
    1a0c:	0017b793          	sltiu	a5,a5,1
    1a10:	00168693          	addi	a3,a3,1
    1a14:	00f47433          	and	s0,s0,a5
    1a18:	00158593          	addi	a1,a1,1
    1a1c:	fd069ee3          	bne	a3,a6,19f8 <main+0xd0>
    1a20:	ffff85b7          	lui	a1,0xffff8
    1a24:	00070793          	addi	a5,a4,0
    1a28:	00158593          	addi	a1,a1,1 # ffff8001 <__stack_top+0xfffe8001>
    1a2c:	00000713          	addi	a4,zero,0
    1a30:	20000513          	addi	a0,zero,512
    1a34:	00b746b3          	xor	a3,a4,a1
    1a38:	00d79023          	sh	a3,0(a5)
    1a3c:	00170713          	addi	a4,a4,1
    1a40:	00278793          	addi	a5,a5,2
    1a44:	fea718e3          	bne	a4,a0,1a34 <main+0x10c>
    1a48:	ffff85b7          	lui	a1,0xffff8
    1a4c:	00158593          	addi	a1,a1,1 # ffff8001 <__stack_top+0xfffe8001>
    1a50:	00000713          	addi	a4,zero,0
    1a54:	20000513          	addi	a0,zero,512
    1a58:	00065683          	lhu	a3,0(a2)
    1a5c:	00b747b3          	xor	a5,a4,a1
    1a60:	01079793          	slli	a5,a5,0x10
    1a64:	0107d793          	srli	a5,a5,0x10
    1a68:	40d787b3          	sub	a5,a5,a3
    1a6c:	0017b793          	sltiu	a5,a5,1
    1a70:	00170713          	addi	a4,a4,1
    1a74:	00260613          	addi	a2,a2,2
    1a78:	00f47433          	and	s0,s0,a5
    1a7c:	fca71ee3          	bne	a4,a0,1a58 <main+0x130>
    1a80:	ffffd7b7          	lui	a5,0xffffd
    1a84:	fc778793          	addi	a5,a5,-57 # ffffcfc7 <__stack_top+0xfffecfc7>
    1a88:	02f12823          	sw	a5,48(sp)
    1a8c:	14100793          	addi	a5,zero,321
    1a90:	02f12a23          	sw	a5,52(sp)
    1a94:	ee6b37b7          	lui	a5,0xee6b3
    1a98:	80078793          	addi	a5,a5,-2048 # ee6b2800 <__stack_top+0xee6a2800>
    1a9c:	02f12c23          	sw	a5,56(sp)
    1aa0:	00300793          	addi	a5,zero,3
    1aa4:	02f12e23          	sw	a5,60(sp)
    1aa8:	03012703          	lw	a4,48(sp)
    1aac:	03412683          	lw	a3,52(sp)
    1ab0:	ffc397b7          	lui	a5,0xffc39
    1ab4:	88778793          	addi	a5,a5,-1913 # ffc38887 <__stack_top+0xffc28887>
    1ab8:	02d70733          	mul	a4,a4,a3
    1abc:	42f70c63          	beq	a4,a5,1ef4 <main+0x5cc>
    1ac0:	000026b7          	lui	a3,0x2
    1ac4:	2ec68693          	addi	a3,a3,748 # 22ec <main+0x9c4>
    1ac8:	00002db7          	lui	s11,0x2
    1acc:	7c231737          	lui	a4,0x7c231
    1ad0:	00868613          	addi	a2,a3,8
    1ad4:	04870713          	addi	a4,a4,72 # 7c231048 <__stack_top+0x7c221048>
    1ad8:	338d8d93          	addi	s11,s11,824 # 2338 <crc_table>
    1adc:	0016c783          	lbu	a5,1(a3)
    1ae0:	00168693          	addi	a3,a3,1
    1ae4:	00e7c7b3          	xor	a5,a5,a4
    1ae8:	00f7f713          	andi	a4,a5,15
    1aec:	00271713          	slli	a4,a4,0x2
    1af0:	00ed8733          	add	a4,s11,a4
    1af4:	00072703          	lw	a4,0(a4)
    1af8:	0047d793          	srli	a5,a5,0x4
    1afc:	00e7c7b3          	xor	a5,a5,a4
    1b00:	00f7f713          	andi	a4,a5,15
    1b04:	00271713          	slli	a4,a4,0x2
    1b08:	00ed8733          	add	a4,s11,a4
    1b0c:	00072703          	lw	a4,0(a4)
    1b10:	0047d793          	srli	a5,a5,0x4
    1b14:	00e7c733          	xor	a4,a5,a4
    1b18:	fcd612e3          	bne	a2,a3,1adc <main+0x1b4>
    1b1c:	340bc7b7          	lui	a5,0x340bc
    1b20:	6d978793          	addi	a5,a5,1753 # 340bc6d9 <__stack_top+0x340ac6d9>
    1b24:	00f71463          	bne	a4,a5,1b2c <main+0x204>
    1b28:	00446413          	ori	s0,s0,4
    1b2c:	00020737          	lui	a4,0x20
    1b30:	000507b7          	lui	a5,0x50
    1b34:	000074b7          	lui	s1,0x7
    1b38:	00300993          	addi	s3,zero,3
    1b3c:	00007937          	lui	s2,0x7
    1b40:	00170713          	addi	a4,a4,1 # 20001 <__stack_top+0x10001>
    1b44:	00478793          	addi	a5,a5,4 # 50004 <__stack_top+0x40004>
    1b48:	84f92623          	sw	a5,-1972(s2) # 684c <b>
    1b4c:	04e4a623          	sw	a4,76(s1) # 704c <a>
    1b50:	84c90913          	addi	s2,s2,-1972
    1b54:	04c48713          	addi	a4,s1,76
    1b58:	00600793          	addi	a5,zero,6
    1b5c:	00098513          	addi	a0,s3,0
    1b60:	05010693          	addi	a3,sp,80
    1b64:	04810613          	addi	a2,sp,72
    1b68:	05810593          	addi	a1,sp,88
    1b6c:	00e12423          	sw	a4,8(sp)
    1b70:	00f91223          	sh	a5,4(s2)
    1b74:	01371223          	sh	s3,4(a4)
    1b78:	d24fe0ef          	jal	ra,9c <hardware_dot>
    1b7c:	00050863          	beq	a0,zero,1b8c <main+0x264>
    1b80:	05812a03          	lw	s4,88(sp)
    1b84:	02000793          	addi	a5,zero,32
    1b88:	3cfa0463          	beq	s4,a5,1f50 <main+0x628>
    1b8c:	434557b7          	lui	a5,0x43455
    1b90:	65278793          	addi	a5,a5,1618 # 43455652 <__stack_top+0x43445652>
    1b94:	02f12423          	sw	a5,40(sp)
    1b98:	00007ab7          	lui	s5,0x7
    1b9c:	000087b7          	lui	a5,0x8
    1ba0:	10000cb7          	lui	s9,0x10000
    1ba4:	004c5d37          	lui	s10,0x4c5
    1ba8:	848aa423          	sw	s0,-1976(s5) # 6848 <selftest_mask>
    1bac:	84c78993          	addi	s3,a5,-1972 # 784c <payload>
    1bb0:	010c8c93          	addi	s9,s9,16 # 10000010 <__stack_top+0xfff0010>
    1bb4:	b3fd0d13          	addi	s10,s10,-1217 # 4c4b3f <__stack_top+0x4b4b3f>
    1bb8:	00000793          	addi	a5,zero,0
    1bbc:	00007437          	lui	s0,0x7
    1bc0:	00007a37          	lui	s4,0x7
    1bc4:	10000c37          	lui	s8,0x10000
    1bc8:	000ca603          	lw	a2,0(s9)
    1bcc:	000c2703          	lw	a4,0(s8) # 10000000 <__stack_top+0xfff0000>
    1bd0:	00c77693          	andi	a3,a4,12
    1bd4:	02069463          	bne	a3,zero,1bfc <main+0x2d4>
    1bd8:	00177713          	andi	a4,a4,1
    1bdc:	08071c63          	bne	a4,zero,1c74 <main+0x34c>
    1be0:	00078663          	beq	a5,zero,1bec <main+0x2c4>
    1be4:	0580006f          	jal	zero,1c3c <main+0x314>
    1be8:	06079463          	bne	a5,zero,1c50 <main+0x328>
    1bec:	000c2783          	lw	a5,0(s8)
    1bf0:	00c7f713          	andi	a4,a5,12
    1bf4:	0017f793          	andi	a5,a5,1
    1bf8:	fe0708e3          	beq	a4,zero,1be8 <main+0x2c0>
    1bfc:	c3cfe0ef          	jal	ra,38 <drain_until_idle>
    1c00:	00600793          	addi	a5,zero,6
    1c04:	05810613          	addi	a2,sp,88
    1c08:	00800693          	addi	a3,zero,8
    1c0c:	00000593          	addi	a1,zero,0
    1c10:	0ff00513          	addi	a0,zero,255
    1c14:	04f12c23          	sw	a5,88(sp)
    1c18:	04012e23          	sw	zero,92(sp)
    1c1c:	e5cfe0ef          	jal	ra,278 <response>
    1c20:	00000793          	addi	a5,zero,0
    1c24:	fa5ff06f          	jal	zero,1bc8 <main+0x2a0>
    1c28:	000c2703          	lw	a4,0(s8)
    1c2c:	00c77693          	andi	a3,a4,12
    1c30:	00177713          	andi	a4,a4,1
    1c34:	fc0694e3          	bne	a3,zero,1bfc <main+0x2d4>
    1c38:	02071e63          	bne	a4,zero,1c74 <main+0x34c>
    1c3c:	000ca703          	lw	a4,0(s9)
    1c40:	40c70733          	sub	a4,a4,a2
    1c44:	feed72e3          	bgeu	s10,a4,1c28 <main+0x300>
    1c48:	00000793          	addi	a5,zero,0
    1c4c:	f7dff06f          	jal	zero,1bc8 <main+0x2a0>
    1c50:	10000737          	lui	a4,0x10000
    1c54:	00470713          	addi	a4,a4,4 # 10000004 <__stack_top+0xfff0004>
    1c58:	00072703          	lw	a4,0(a4)
    1c5c:	02814683          	lbu	a3,40(sp)
    1c60:	0ff77713          	andi	a4,a4,255
    1c64:	f6e682e3          	beq	a3,a4,1bc8 <main+0x2a0>
    1c68:	fae70713          	addi	a4,a4,-82
    1c6c:	00173793          	sltiu	a5,a4,1
    1c70:	f59ff06f          	jal	zero,1bc8 <main+0x2a0>
    1c74:	10000537          	lui	a0,0x10000
    1c78:	002786b3          	add	a3,a5,sp
    1c7c:	00452703          	lw	a4,4(a0) # 10000004 <__stack_top+0xfff0004>
    1c80:	0286c683          	lbu	a3,40(a3)
    1c84:	00450513          	addi	a0,a0,4
    1c88:	0ff77713          	andi	a4,a4,255
    1c8c:	fce69ee3          	bne	a3,a4,1c68 <main+0x340>
    1c90:	00178793          	addi	a5,a5,1
    1c94:	00400713          	addi	a4,zero,4
    1c98:	f2e798e3          	bne	a5,a4,1bc8 <main+0x2a0>
    1c9c:	04012823          	sw	zero,80(sp)
    1ca0:	04012a23          	sw	zero,84(sp)
    1ca4:	05010593          	addi	a1,sp,80
    1ca8:	00000613          	addi	a2,zero,0
    1cac:	fff00693          	addi	a3,zero,-1
    1cb0:	00800813          	addi	a6,zero,8
    1cb4:	000ca883          	lw	a7,0(s9)
    1cb8:	0140006f          	jal	zero,1ccc <main+0x3a4>
    1cbc:	06079463          	bne	a5,zero,1d24 <main+0x3fc>
    1cc0:	000ca783          	lw	a5,0(s9)
    1cc4:	411787b3          	sub	a5,a5,a7
    1cc8:	12fd6263          	bltu	s10,a5,1dec <main+0x4c4>
    1ccc:	000c2783          	lw	a5,0(s8)
    1cd0:	00c7f713          	andi	a4,a5,12
    1cd4:	0017f793          	andi	a5,a5,1
    1cd8:	fe0702e3          	beq	a4,zero,1cbc <main+0x394>
    1cdc:	fff00793          	addi	a5,zero,-1
    1ce0:	00300713          	addi	a4,zero,3
    1ce4:	48c76863          	bltu	a4,a2,2174 <main+0x84c>
    1ce8:	00000b93          	addi	s7,zero,0
    1cec:	0c079a63          	bne	a5,zero,1dc0 <main+0x498>
    1cf0:	84042783          	lw	a5,-1984(s0) # 6840 <receive_timeouts>
    1cf4:	00500713          	addi	a4,zero,5
    1cf8:	000b8593          	addi	a1,s7,0
    1cfc:	00178793          	addi	a5,a5,1
    1d00:	00800693          	addi	a3,zero,8
    1d04:	05810613          	addi	a2,sp,88
    1d08:	0ff00513          	addi	a0,zero,255
    1d0c:	84f42023          	sw	a5,-1984(s0)
    1d10:	04e12c23          	sw	a4,88(sp)
    1d14:	04012e23          	sw	zero,92(sp)
    1d18:	d60fe0ef          	jal	ra,278 <response>
    1d1c:	00000793          	addi	a5,zero,0
    1d20:	ea9ff06f          	jal	zero,1bc8 <main+0x2a0>
    1d24:	00052883          	lw	a7,0(a0)
    1d28:	00160613          	addi	a2,a2,1
    1d2c:	00158593          	addi	a1,a1,1
    1d30:	0ff8f793          	andi	a5,a7,255
    1d34:	00d7c7b3          	xor	a5,a5,a3
    1d38:	00f7f713          	andi	a4,a5,15
    1d3c:	00271713          	slli	a4,a4,0x2
    1d40:	00ed8733          	add	a4,s11,a4
    1d44:	00072703          	lw	a4,0(a4)
    1d48:	0047d793          	srli	a5,a5,0x4
    1d4c:	ff158fa3          	sb	a7,-1(a1)
    1d50:	00e7c7b3          	xor	a5,a5,a4
    1d54:	00f7f713          	andi	a4,a5,15
    1d58:	00271713          	slli	a4,a4,0x2
    1d5c:	00ed8733          	add	a4,s11,a4
    1d60:	00072683          	lw	a3,0(a4)
    1d64:	0047d793          	srli	a5,a5,0x4
    1d68:	00d7c6b3          	xor	a3,a5,a3
    1d6c:	f50614e3          	bne	a2,a6,1cb4 <main+0x38c>
    1d70:	05415603          	lhu	a2,84(sp)
    1d74:	000017b7          	lui	a5,0x1
    1d78:	00478793          	addi	a5,a5,4 # 1004 <detection_command+0xa7c>
    1d7c:	05215b83          	lhu	s7,82(sp)
    1d80:	10c7e463          	bltu	a5,a2,1e88 <main+0x560>
    1d84:	10000537          	lui	a0,0x10000
    1d88:	00450513          	addi	a0,a0,4 # 10000004 <__stack_top+0xfff0004>
    1d8c:	00098593          	addi	a1,s3,0
    1d90:	00c988b3          	add	a7,s3,a2
    1d94:	0a060463          	beq	a2,zero,1e3c <main+0x514>
    1d98:	000ca303          	lw	t1,0(s9)
    1d9c:	0140006f          	jal	zero,1db0 <main+0x488>
    1da0:	04079a63          	bne	a5,zero,1df4 <main+0x4cc>
    1da4:	000ca783          	lw	a5,0(s9)
    1da8:	406787b3          	sub	a5,a5,t1
    1dac:	f4fd62e3          	bltu	s10,a5,1cf0 <main+0x3c8>
    1db0:	000c2783          	lw	a5,0(s8)
    1db4:	00c7f713          	andi	a4,a5,12
    1db8:	0017f793          	andi	a5,a5,1
    1dbc:	fe0702e3          	beq	a4,zero,1da0 <main+0x478>
    1dc0:	a78fe0ef          	jal	ra,38 <drain_until_idle>
    1dc4:	00600793          	addi	a5,zero,6
    1dc8:	000b8593          	addi	a1,s7,0
    1dcc:	05810613          	addi	a2,sp,88
    1dd0:	00800693          	addi	a3,zero,8
    1dd4:	0ff00513          	addi	a0,zero,255
    1dd8:	04f12c23          	sw	a5,88(sp)
    1ddc:	04012e23          	sw	zero,92(sp)
    1de0:	c98fe0ef          	jal	ra,278 <response>
    1de4:	00000793          	addi	a5,zero,0
    1de8:	de1ff06f          	jal	zero,1bc8 <main+0x2a0>
    1dec:	00000793          	addi	a5,zero,0
    1df0:	ef1ff06f          	jal	zero,1ce0 <main+0x3b8>
    1df4:	00052303          	lw	t1,0(a0)
    1df8:	00158593          	addi	a1,a1,1
    1dfc:	0ff37793          	andi	a5,t1,255
    1e00:	00d7c7b3          	xor	a5,a5,a3
    1e04:	00f7f713          	andi	a4,a5,15
    1e08:	00271713          	slli	a4,a4,0x2
    1e0c:	00ed8733          	add	a4,s11,a4
    1e10:	00072703          	lw	a4,0(a4)
    1e14:	0047d793          	srli	a5,a5,0x4
    1e18:	fe658fa3          	sb	t1,-1(a1)
    1e1c:	00e7c7b3          	xor	a5,a5,a4
    1e20:	00f7f713          	andi	a4,a5,15
    1e24:	00271713          	slli	a4,a4,0x2
    1e28:	00ed8733          	add	a4,s11,a4
    1e2c:	00072683          	lw	a3,0(a4)
    1e30:	0047d793          	srli	a5,a5,0x4
    1e34:	00d7c6b3          	xor	a3,a5,a3
    1e38:	f71590e3          	bne	a1,a7,1d98 <main+0x470>
    1e3c:	100005b7          	lui	a1,0x10000
    1e40:	004c5537          	lui	a0,0x4c5
    1e44:	10000eb7          	lui	t4,0x10000
    1e48:	01058593          	addi	a1,a1,16 # 10000010 <__stack_top+0xfff0010>
    1e4c:	b3f50513          	addi	a0,a0,-1217 # 4c4b3f <__stack_top+0x4b4b3f>
    1e50:	004e8e93          	addi	t4,t4,4 # 10000004 <__stack_top+0xfff0004>
    1e54:	02c10e13          	addi	t3,sp,44
    1e58:	100008b7          	lui	a7,0x10000
    1e5c:	0005a303          	lw	t1,0(a1)
    1e60:	0140006f          	jal	zero,1e74 <main+0x54c>
    1e64:	04079263          	bne	a5,zero,1ea8 <main+0x580>
    1e68:	0005a783          	lw	a5,0(a1)
    1e6c:	406787b3          	sub	a5,a5,t1
    1e70:	e8f560e3          	bltu	a0,a5,1cf0 <main+0x3c8>
    1e74:	0008a783          	lw	a5,0(a7) # 10000000 <__stack_top+0xfff0000>
    1e78:	00c7f713          	andi	a4,a5,12
    1e7c:	0017f793          	andi	a5,a5,1
    1e80:	fe0702e3          	beq	a4,zero,1e64 <main+0x53c>
    1e84:	f3dff06f          	jal	zero,1dc0 <main+0x498>
    1e88:	00c12623          	sw	a2,12(sp)
    1e8c:	9acfe0ef          	jal	ra,38 <drain_until_idle>
    1e90:	00c12603          	lw	a2,12(sp)
    1e94:	000b8513          	addi	a0,s7,0
    1e98:	00200593          	addi	a1,zero,2
    1e9c:	cfcfe0ef          	jal	ra,398 <error_response>
    1ea0:	00000793          	addi	a5,zero,0
    1ea4:	d25ff06f          	jal	zero,1bc8 <main+0x2a0>
    1ea8:	000ea783          	lw	a5,0(t4)
    1eac:	001e0e13          	addi	t3,t3,1
    1eb0:	fefe0fa3          	sb	a5,-1(t3)
    1eb4:	03010793          	addi	a5,sp,48
    1eb8:	fafe12e3          	bne	t3,a5,1e5c <main+0x534>
    1ebc:	02c12783          	lw	a5,44(sp)
    1ec0:	fff6c693          	xori	a3,a3,-1
    1ec4:	0ef69a63          	bne	a3,a5,1fb8 <main+0x690>
    1ec8:	05014683          	lbu	a3,80(sp)
    1ecc:	00100793          	addi	a5,zero,1
    1ed0:	00f69663          	bne	a3,a5,1edc <main+0x5b4>
    1ed4:	05615783          	lhu	a5,86(sp)
    1ed8:	0e078c63          	beq	a5,zero,1fd0 <main+0x6a8>
    1edc:	000b8513          	addi	a0,s7,0
    1ee0:	00000613          	addi	a2,zero,0
    1ee4:	00400593          	addi	a1,zero,4
    1ee8:	cb0fe0ef          	jal	ra,398 <error_response>
    1eec:	00000793          	addi	a5,zero,0
    1ef0:	cd9ff06f          	jal	zero,1bc8 <main+0x2a0>
    1ef4:	03012783          	lw	a5,48(sp)
    1ef8:	03412683          	lw	a3,52(sp)
    1efc:	fda00713          	addi	a4,zero,-38
    1f00:	02d7c7b3          	div	a5,a5,a3
    1f04:	bae79ee3          	bne	a5,a4,1ac0 <main+0x198>
    1f08:	03012783          	lw	a5,48(sp)
    1f0c:	03412683          	lw	a3,52(sp)
    1f10:	f6d00713          	addi	a4,zero,-147
    1f14:	02d7e7b3          	rem	a5,a5,a3
    1f18:	bae794e3          	bne	a5,a4,1ac0 <main+0x198>
    1f1c:	03812703          	lw	a4,56(sp)
    1f20:	03c12683          	lw	a3,60(sp)
    1f24:	4f7917b7          	lui	a5,0x4f791
    1f28:	d5578793          	addi	a5,a5,-683 # 4f790d55 <__stack_top+0x4f780d55>
    1f2c:	02d75733          	divu	a4,a4,a3
    1f30:	b8f718e3          	bne	a4,a5,1ac0 <main+0x198>
    1f34:	03812783          	lw	a5,56(sp)
    1f38:	03c12683          	lw	a3,60(sp)
    1f3c:	00100713          	addi	a4,zero,1
    1f40:	02d7f7b3          	remu	a5,a5,a3
    1f44:	b6e79ee3          	bne	a5,a4,1ac0 <main+0x198>
    1f48:	00246413          	ori	s0,s0,2
    1f4c:	b75ff06f          	jal	zero,1ac0 <main+0x198>
    1f50:	05c12783          	lw	a5,92(sp)
    1f54:	c2079ce3          	bne	a5,zero,1b8c <main+0x264>
    1f58:	00098513          	addi	a0,s3,0
    1f5c:	a28fe0ef          	jal	ra,184 <software_dot.constprop.0>
    1f60:	c34516e3          	bne	a0,s4,1b8c <main+0x264>
    1f64:	c20594e3          	bne	a1,zero,1b8c <main+0x264>
    1f68:	04812703          	lw	a4,72(sp)
    1f6c:	00500793          	addi	a5,zero,5
    1f70:	c0f71ee3          	bne	a4,a5,1b8c <main+0x264>
    1f74:	200007b7          	lui	a5,0x20000
    1f78:	01c7a703          	lw	a4,28(a5) # 2000001c <__stack_top+0x1fff001c>
    1f7c:	444f57b7          	lui	a5,0x444f5
    1f80:	43178793          	addi	a5,a5,1073 # 444f5431 <__stack_top+0x444e5431>
    1f84:	c0f714e3          	bne	a4,a5,1b8c <main+0x264>
    1f88:	100007b7          	lui	a5,0x10000
    1f8c:	01c7a703          	lw	a4,28(a5) # 1000001c <__stack_top+0xfff001c>
    1f90:	525637b7          	lui	a5,0x52563
    1f94:	03178793          	addi	a5,a5,49 # 52563031 <__stack_top+0x52553031>
    1f98:	bef71ae3          	bne	a4,a5,1b8c <main+0x264>
    1f9c:	100007b7          	lui	a5,0x10000
    1fa0:	0187a703          	lw	a4,24(a5) # 10000018 <__stack_top+0xfff0018>
    1fa4:	02faf7b7          	lui	a5,0x2faf
    1fa8:	08078793          	addi	a5,a5,128 # 2faf080 <__stack_top+0x2f9f080>
    1fac:	bef710e3          	bne	a4,a5,1b8c <main+0x264>
    1fb0:	00846413          	ori	s0,s0,8
    1fb4:	bd9ff06f          	jal	zero,1b8c <main+0x264>
    1fb8:	000b8513          	addi	a0,s7,0
    1fbc:	00000613          	addi	a2,zero,0
    1fc0:	00100593          	addi	a1,zero,1
    1fc4:	bd4fe0ef          	jal	ra,398 <error_response>
    1fc8:	00000793          	addi	a5,zero,0
    1fcc:	bfdff06f          	jal	zero,1bc8 <main+0x2a0>
    1fd0:	05114503          	lbu	a0,81(sp)
    1fd4:	00600593          	addi	a1,zero,6
    1fd8:	ffd50793          	addi	a5,a0,-3
    1fdc:	0ff7f793          	andi	a5,a5,255
    1fe0:	28f5f863          	bgeu	a1,a5,2270 <main+0x948>
    1fe4:	24d50e63          	beq	a0,a3,2240 <main+0x918>
    1fe8:	00200793          	addi	a5,zero,2
    1fec:	24f51263          	bne	a0,a5,2230 <main+0x908>
    1ff0:	00300793          	addi	a5,zero,3
    1ff4:	20c7f663          	bgeu	a5,a2,2200 <main+0x8d8>
    1ff8:	000087b7          	lui	a5,0x8
    1ffc:	0b612023          	sw	s6,160(sp)
    2000:	84c7db03          	lhu	s6,-1972(a5) # 784c <payload>
    2004:	3ff00793          	addi	a5,zero,1023
    2008:	fffb0693          	addi	a3,s6,-1
    200c:	18d7ee63          	bltu	a5,a3,21a8 <main+0x880>
    2010:	001b0793          	addi	a5,s6,1
    2014:	00279793          	slli	a5,a5,0x2
    2018:	18f61863          	bne	a2,a5,21a8 <main+0x880>
    201c:	0029d783          	lhu	a5,2(s3)
    2020:	18079463          	bne	a5,zero,21a8 <main+0x880>
    2024:	848aa783          	lw	a5,-1976(s5)
    2028:	00f00693          	addi	a3,zero,15
    202c:	14d79863          	bne	a5,a3,217c <main+0x854>
    2030:	00812603          	lw	a2,8(sp)
    2034:	00098793          	addi	a5,s3,0
    2038:	00090693          	addi	a3,s2,0
    203c:	0047d503          	lhu	a0,4(a5)
    2040:	0067d583          	lhu	a1,6(a5)
    2044:	00170713          	addi	a4,a4,1
    2048:	00a61023          	sh	a0,0(a2)
    204c:	00b69023          	sh	a1,0(a3)
    2050:	00478793          	addi	a5,a5,4
    2054:	00260613          	addi	a2,a2,2
    2058:	00268693          	addi	a3,a3,2
    205c:	ff6760e3          	bltu	a4,s6,203c <main+0x714>
    2060:	100004b7          	lui	s1,0x10000
    2064:	0104af03          	lw	t5,16(s1) # 10000010 <__stack_top+0xfff0010>
    2068:	000b0513          	addi	a0,s6,0
    206c:	01048493          	addi	s1,s1,16
    2070:	01e12e23          	sw	t5,28(sp)
    2074:	910fe0ef          	jal	ra,184 <software_dot.constprop.0>
    2078:	00a12c23          	sw	a0,24(sp)
    207c:	00b12a23          	sw	a1,20(sp)
    2080:	0004ae03          	lw	t3,0(s1)
    2084:	01c12823          	sw	t3,16(sp)
    2088:	0004ae83          	lw	t4,0(s1)
    208c:	04410693          	addi	a3,sp,68
    2090:	04010613          	addi	a2,sp,64
    2094:	04810593          	addi	a1,sp,72
    2098:	000b0513          	addi	a0,s6,0
    209c:	01d12623          	sw	t4,12(sp)
    20a0:	ffdfd0ef          	jal	ra,9c <hardware_dot>
    20a4:	0004a703          	lw	a4,0(s1)
    20a8:	04412603          	lw	a2,68(sp)
    20ac:	00c12e83          	lw	t4,12(sp)
    20b0:	01012e03          	lw	t3,16(sp)
    20b4:	01412783          	lw	a5,20(sp)
    20b8:	01812303          	lw	t1,24(sp)
    20bc:	01c12f03          	lw	t5,28(sp)
    20c0:	10050c63          	beq	a0,zero,21d8 <main+0x8b0>
    20c4:	04c12683          	lw	a3,76(sp)
    20c8:	04812503          	lw	a0,72(sp)
    20cc:	41d70733          	sub	a4,a4,t4
    20d0:	00d7c8b3          	xor	a7,a5,a3
    20d4:	844a2803          	lw	a6,-1980(s4) # 6844 <completed>
    20d8:	06e12823          	sw	a4,112(sp)
    20dc:	00a34733          	xor	a4,t1,a0
    20e0:	01176733          	or	a4,a4,a7
    20e4:	04012883          	lw	a7,64(sp)
    20e8:	41ee0e33          	sub	t3,t3,t5
    20ec:	00e03733          	sltu	a4,zero,a4
    20f0:	06c12c23          	sw	a2,120(sp)
    20f4:	06a12223          	sw	a0,100(sp)
    20f8:	0106d613          	srli	a2,a3,0x10
    20fc:	0186d513          	srli	a0,a3,0x18
    2100:	00180813          	addi	a6,a6,1
    2104:	07c12623          	sw	t3,108(sp)
    2108:	04612e23          	sw	t1,92(sp)
    210c:	0086de13          	srli	t3,a3,0x8
    2110:	0087d313          	srli	t1,a5,0x8
    2114:	06f10023          	sb	a5,96(sp)
    2118:	06d10423          	sb	a3,104(sp)
    211c:	04e10d23          	sb	a4,90(sp)
    2120:	06c10523          	sb	a2,106(sp)
    2124:	0107d713          	srli	a4,a5,0x10
    2128:	06a105a3          	sb	a0,107(sp)
    212c:	0187d793          	srli	a5,a5,0x18
    2130:	000b8593          	addi	a1,s7,0
    2134:	02800693          	addi	a3,zero,40
    2138:	05810613          	addi	a2,sp,88
    213c:	08200513          	addi	a0,zero,130
    2140:	05611c23          	sh	s6,88(sp)
    2144:	06f101a3          	sb	a5,99(sp)
    2148:	04010da3          	sb	zero,91(sp)
    214c:	07c104a3          	sb	t3,105(sp)
    2150:	850a2223          	sw	a6,-1980(s4)
    2154:	07012e23          	sw	a6,124(sp)
    2158:	07112a23          	sw	a7,116(sp)
    215c:	066100a3          	sb	t1,97(sp)
    2160:	06e10123          	sb	a4,98(sp)
    2164:	914fe0ef          	jal	ra,278 <response>
    2168:	00000793          	addi	a5,zero,0
    216c:	0a012b03          	lw	s6,160(sp)
    2170:	a59ff06f          	jal	zero,1bc8 <main+0x2a0>
    2174:	05215b83          	lhu	s7,82(sp)
    2178:	b75ff06f          	jal	zero,1cec <main+0x3c4>
    217c:	04f12e23          	sw	a5,92(sp)
    2180:	000b8593          	addi	a1,s7,0
    2184:	00700793          	addi	a5,zero,7
    2188:	00800693          	addi	a3,zero,8
    218c:	05810613          	addi	a2,sp,88
    2190:	0ff00513          	addi	a0,zero,255
    2194:	04f12c23          	sw	a5,88(sp)
    2198:	8e0fe0ef          	jal	ra,278 <response>
    219c:	00000793          	addi	a5,zero,0
    21a0:	0a012b03          	lw	s6,160(sp)
    21a4:	a25ff06f          	jal	zero,1bc8 <main+0x2a0>
    21a8:	00200793          	addi	a5,zero,2
    21ac:	000b8593          	addi	a1,s7,0
    21b0:	00800693          	addi	a3,zero,8
    21b4:	05810613          	addi	a2,sp,88
    21b8:	0ff00513          	addi	a0,zero,255
    21bc:	05611e23          	sh	s6,92(sp)
    21c0:	04f12c23          	sw	a5,88(sp)
    21c4:	04011f23          	sh	zero,94(sp)
    21c8:	8b0fe0ef          	jal	ra,278 <response>
    21cc:	00000793          	addi	a5,zero,0
    21d0:	0a012b03          	lw	s6,160(sp)
    21d4:	9f5ff06f          	jal	zero,1bc8 <main+0x2a0>
    21d8:	04c12e23          	sw	a2,92(sp)
    21dc:	00800693          	addi	a3,zero,8
    21e0:	000b8593          	addi	a1,s7,0
    21e4:	05810613          	addi	a2,sp,88
    21e8:	0ff00513          	addi	a0,zero,255
    21ec:	04d12c23          	sw	a3,88(sp)
    21f0:	888fe0ef          	jal	ra,278 <response>
    21f4:	00000793          	addi	a5,zero,0
    21f8:	0a012b03          	lw	s6,160(sp)
    21fc:	9cdff06f          	jal	zero,1bc8 <main+0x2a0>
    2200:	04c10e23          	sb	a2,92(sp)
    2204:	000b8593          	addi	a1,s7,0
    2208:	00200793          	addi	a5,zero,2
    220c:	00800693          	addi	a3,zero,8
    2210:	05810613          	addi	a2,sp,88
    2214:	0ff00513          	addi	a0,zero,255
    2218:	04f12c23          	sw	a5,88(sp)
    221c:	04010ea3          	sb	zero,93(sp)
    2220:	04011f23          	sh	zero,94(sp)
    2224:	854fe0ef          	jal	ra,278 <response>
    2228:	00000793          	addi	a5,zero,0
    222c:	99dff06f          	jal	zero,1bc8 <main+0x2a0>
    2230:	04a10e23          	sb	a0,92(sp)
    2234:	000b8593          	addi	a1,s7,0
    2238:	00300793          	addi	a5,zero,3
    223c:	fd1ff06f          	jal	zero,220c <main+0x8e4>
    2240:	04060063          	beq	a2,zero,2280 <main+0x958>
    2244:	00200793          	addi	a5,zero,2
    2248:	04c11e23          	sh	a2,92(sp)
    224c:	000b8593          	addi	a1,s7,0
    2250:	00800693          	addi	a3,zero,8
    2254:	05810613          	addi	a2,sp,88
    2258:	0ff00513          	addi	a0,zero,255
    225c:	04f12c23          	sw	a5,88(sp)
    2260:	04011f23          	sh	zero,94(sp)
    2264:	814fe0ef          	jal	ra,278 <response>
    2268:	00000793          	addi	a5,zero,0
    226c:	95dff06f          	jal	zero,1bc8 <main+0x2a0>
    2270:	000b8593          	addi	a1,s7,0
    2274:	b14fe0ef          	jal	ra,588 <detection_command>
    2278:	00000793          	addi	a5,zero,0
    227c:	94dff06f          	jal	zero,1bc8 <main+0x2a0>
    2280:	0000a7b7          	lui	a5,0xa
    2284:	50178793          	addi	a5,a5,1281 # a501 <__bss_end+0x1cb1>
    2288:	04f12c23          	sw	a5,88(sp)
    228c:	100007b7          	lui	a5,0x10000
    2290:	0187a703          	lw	a4,24(a5) # 10000018 <__stack_top+0xfff0018>
    2294:	100007b7          	lui	a5,0x10000
    2298:	000b8593          	addi	a1,s7,0
    229c:	04e12e23          	sw	a4,92(sp)
    22a0:	01c7a703          	lw	a4,28(a5) # 1000001c <__stack_top+0xfff001c>
    22a4:	200007b7          	lui	a5,0x20000
    22a8:	05810613          	addi	a2,sp,88
    22ac:	06e12023          	sw	a4,96(sp)
    22b0:	01c7a683          	lw	a3,28(a5) # 2000001c <__stack_top+0x1fff001c>
    22b4:	844a2783          	lw	a5,-1980(s4)
    22b8:	848aa703          	lw	a4,-1976(s5)
    22bc:	06d12223          	sw	a3,100(sp)
    22c0:	06f12823          	sw	a5,112(sp)
    22c4:	84042783          	lw	a5,-1984(s0)
    22c8:	06e12623          	sw	a4,108(sp)
    22cc:	02000693          	addi	a3,zero,32
    22d0:	40000713          	addi	a4,zero,1024
    22d4:	08100513          	addi	a0,zero,129
    22d8:	06f12a23          	sw	a5,116(sp)
    22dc:	06e12423          	sw	a4,104(sp)
    22e0:	f99fd0ef          	jal	ra,278 <response>
    22e4:	00000793          	addi	a5,zero,0
    22e8:	8e1ff06f          	jal	zero,1bc8 <main+0x2a0>
